node_code,prediction
STA_A1,7.3526506423950195
STA_A2,7.3526506423950195
STA_A3,7.3526506423950195
STA_A4,7.3526506423950195
STA_A5,7.3526506423950195
STA_A6,7.3526506423950195
STA_A7,7.3526506423950195
STA_A8,7.3526506423950195
STA_A9,7.238387584686279
STA_B1,4.980672836303711
STA_B2,4.980672836303711
STA_C1,7.3526506423950195
STA_C2,7.3526506423950195
STA_C3,7.3526506423950195
STA_C4,7.3526506423950195
STA_C5,7.3526506423950195
STA_C6,7.3526506423950195
STA_D1,7.3526506423950195
STA_D2,7.3526506423950195
STA_E1,4.980672836303711
STA_E2,4.980672836303711
STA_E3,4.980672836303711
STA_E4,4.980672836303711
STA_E5,4.980672836303711
STA_E6,4.980672836303711
STA_E7,4.980672836303711
STA_E8,4.980672836303711
STA_E9,4.980672836303711
STA_E10,4.980672836303711
STA_F1,7.3526506423950195
STA_F2,7.3526506423950195
STA_F3,7.3526506423950195
STA_F4,7.3526506423950195
STA_F5,7.3526506423950195
STA_F6,7.3526506423950195
STA_F7,7.3526506423950195
STA_F8,7.3526506423950195
STA_F9,7.3526506423950195
STA_G1,7.3526506423950195
STA_G2,7.3526506423950195
STA_G3,7.3526506423950195
STA_G4,7.3526506423950195
STA_G5,7.3526506423950195
STA_H1,7.3526506423950195
STA_H2,7.3526506423950195
STA_H3,7.3526506423950195
STA_H4,7.3526506423950195
STA_H5,7.3526506423950195
STA_H6,7.3526506423950195
STA_H7,7.3526506423950195
STA_H8,7.3526506423950195
STA_H9,7.3526506423950195
STA_H10,7.3526506423950195
STA_A1,7.3526506423950195
STA_A2,7.3526506423950195
STA_A3,7.3526506423950195
STA_A4,7.3526506423950195
STA_B1,7.3526506423950195
STA_B2,7.3526506423950195
STA_B3,7.3526506423950195
STA_B4,7.3526506423950195
STA_B5,7.3526506423950195
STA_B6,7.3526506423950195
STA_C1,7.3526506423950195
STA_C2,7.3526506423950195
STA_C3,7.3526506423950195
STA_D1,7.3526506423950195
STA_D2,7.3526506423950195
STA_D3,7.3526506423950195
STA_D4,7.3526506423950195
STA_E1,4.980672836303711
STA_E2,4.944326400756836
STA_F1,4.980672836303711
STA_F2,4.980672836303711
STA_F3,4.980672836303711
STA_F4,4.980672836303711
STA_F5,4.980672836303711
STA_F6,4.980672836303711
STA_F7,4.980672836303711
STA_F8,4.980672836303711
STA_F9,4.980672836303711
STA_G1,7.3526506423950195
STA_G2,7.3526506423950195
STA_G3,7.3526506423950195
STA_G4,7.3526506423950195
STA_G5,7.3526506423950195
STA_G6,7.3526506423950195
STA_G7,7.3526506423950195
STA_G8,7.3526506423950195
STA_G9,7.3526506423950195
STA_H1,7.3526506423950195
STA_H2,7.3526506423950195
STA_H3,7.3526506423950195
STA_H4,7.3526506423950195
STA_H5,7.3526506423950195
STA_H6,7.3526506423950195
STA_A1,7.3526506423950195
STA_A2,7.3526506423950195
STA_A3,4.955176830291748
STA_A4,7.3526506423950195
STA_A5,4.294716835021973
STA_A6,7.578012943267822
STA_A7,7.3526506423950195
STA_A8,7.3526506423950195
STA_A9,7.3526506423950195
STA_A10,7.3526506423950195
STA_B1,7.3526506423950195
STA_B2,7.3526506423950195
STA_B3,7.3526506423950195
STA_B4,7.3526506423950195
STA_C1,7.3526506423950195
STA_C2,7.3526506423950195
STA_C3,7.3526506423950195
STA_C4,7.3526506423950195
STA_C5,7.3526506423950195
STA_C6,7.3526506423950195
STA_D1,3.7511324882507324
STA_D2,7.3526506423950195
STA_D3,7.3526506423950195
STA_D4,7.3526506423950195
STA_D5,7.3526506423950195
STA_E1,4.980672836303711
STA_E2,4.980672836303711
STA_E3,4.980672836303711
STA_E4,4.980672836303711
STA_E5,4.980672836303711
STA_E6,4.980672836303711
STA_E7,4.980672836303711
STA_F1,4.980672836303711
STA_F2,4.980672836303711
STA_F3,4.980672836303711
STA_F4,4.980672836303711
STA_F5,4.980672836303711
STA_F6,4.980672836303711
STA_G1,6.757797718048096
STA_G2,6.757797718048096
STA_G3,6.757797718048096
STA_G4,6.757797718048096
STA_G5,6.757797718048096
STA_H1,7.3526506423950195
STA_H2,7.3526506423950195
STA_H3,7.3526506423950195
STA_H4,7.3526506423950195
STA_H5,7.3526506423950195
STA_H6,7.3526506423950195
STA_A1,7.3526506423950195
STA_A2,7.321381568908691
STA_A3,7.3526506423950195
STA_A4,7.3526506423950195
STA_B1,7.3526506423950195
STA_B2,7.3526506423950195
STA_B3,7.3526506423950195
STA_B4,7.3526506423950195
STA_B5,7.3526506423950195
STA_B6,5.004730224609375
STA_B7,7.3526506423950195
STA_B8,7.3526506423950195
STA_C1,3.4077024459838867
STA_C2,7.3526506423950195
STA_C3,7.3526506423950195
STA_C4,7.3526506423950195
STA_D1,7.3526506423950195
STA_D2,7.3526506423950195
STA_D3,7.3526506423950195
STA_D4,7.3526506423950195
STA_D5,7.3526506423950195
STA_D6,7.3526506423950195
STA_D7,7.3526506423950195
STA_D8,7.3526506423950195
STA_D9,7.3526506423950195
STA_E1,7.3526506423950195
STA_E2,7.3526506423950195
STA_F1,7.3526506423950195
STA_F2,7.3526506423950195
STA_F3,7.3526506423950195
STA_F4,7.3526506423950195
STA_F5,7.3526506423950195
STA_F6,7.3526506423950195
STA_F7,7.3526506423950195
STA_F8,7.3526506423950195
STA_G1,7.3526506423950195
STA_G2,7.3526506423950195
STA_G3,7.3526506423950195
STA_G4,7.3526506423950195
STA_G5,7.3526506423950195
STA_G6,7.3526506423950195
STA_G7,7.3526506423950195
STA_G8,7.3526506423950195
STA_G9,7.3526506423950195
STA_G10,7.3526506423950195
STA_H1,6.757797718048096
STA_H2,6.757797718048096
STA_H3,6.757797718048096
STA_H4,6.757797718048096
STA_H5,6.757797718048096
STA_H6,6.757797718048096
STA_A1,7.3526506423950195
STA_A2,7.3526506423950195
STA_B1,3.654508352279663
STA_B2,7.3526506423950195
STA_B3,7.3526506423950195
STA_B4,7.3526506423950195
STA_B5,7.3526506423950195
STA_B6,7.3526506423950195
STA_B7,7.3526506423950195
STA_B8,7.3526506423950195
STA_B9,7.3526506423950195
STA_C1,4.980672836303711
STA_C2,4.980672836303711
STA_C3,4.980672836303711
STA_D1,7.3526506423950195
STA_D2,7.3526506423950195
STA_D3,7.3526506423950195
STA_E1,7.3526506423950195
STA_E2,7.3526506423950195
STA_E3,7.3526506423950195
STA_E4,7.3526506423950195
STA_E5,7.3526506423950195
STA_E6,7.3526506423950195
STA_E7,7.3526506423950195
STA_F1,7.3526506423950195
STA_F2,7.3526506423950195
STA_F3,7.3526506423950195
STA_F4,7.3526506423950195
STA_F5,7.3526506423950195
STA_F6,7.3526506423950195
STA_F7,7.3526506423950195
STA_F8,7.3526506423950195
STA_F9,7.3526506423950195
STA_F10,7.3526506423950195
STA_G1,7.3526506423950195
STA_G2,7.3526506423950195
STA_G3,7.3526506423950195
STA_G4,7.3526506423950195
STA_G5,7.3526506423950195
STA_G6,7.3526506423950195
STA_G7,7.3526506423950195
STA_G8,7.3526506423950195
STA_G9,7.3526506423950195
STA_G10,7.3526506423950195
STA_H1,7.3526506423950195
STA_H2,7.3526506423950195
STA_H3,7.3526506423950195
STA_H4,7.3526506423950195
STA_H5,7.3526506423950195
STA_H6,7.3526506423950195
STA_H7,7.3526506423950195
STA_H8,7.3526506423950195
STA_H9,7.3526506423950195
STA_H10,7.3526506423950195
STA_A1,7.3526506423950195
STA_A2,3.4232254028320312
STA_A3,7.3526506423950195
STA_B1,6.757797718048096
STA_B2,6.757797718048096
STA_B3,6.757797718048096
STA_B4,6.757797718048096
STA_B5,6.757797718048096
STA_C1,4.980672836303711
STA_C2,4.980672836303711
STA_C3,4.980672836303711
STA_C4,4.980672836303711
STA_D1,7.3526506423950195
STA_D2,4.10760498046875
STA_D3,7.3526506423950195
STA_D4,7.3526506423950195
STA_D5,7.3526506423950195
STA_D6,7.3526506423950195
STA_D7,7.3526506423950195
STA_D8,7.3526506423950195
STA_E1,7.3526506423950195
STA_E2,7.3526506423950195
STA_F1,7.3526506423950195
STA_F2,7.3526506423950195
STA_F3,7.3526506423950195
STA_F4,7.3526506423950195
STA_F5,7.3526506423950195
STA_F6,7.3526506423950195
STA_F7,7.3526506423950195
STA_G1,7.3526506423950195
STA_G2,7.3526506423950195
STA_G3,7.3526506423950195
STA_G4,7.3526506423950195
STA_G5,7.3526506423950195
STA_G6,7.3526506423950195
STA_G7,7.3526506423950195
STA_H1,7.3526506423950195
STA_H2,7.3526506423950195
STA_H3,7.3526506423950195
STA_A1,7.3526506423950195
STA_A2,7.3526506423950195
STA_A3,7.3526506423950195
STA_A4,7.3526506423950195
STA_A5,7.3526506423950195
STA_A6,7.3526506423950195
STA_A7,3.4596974849700928
STA_B1,7.3526506423950195
STA_B2,4.875504493713379
STA_B3,7.3526506423950195
STA_B4,7.3526506423950195
STA_B5,4.271653175354004
STA_C1,7.3526506423950195
STA_C2,7.3526506423950195
STA_C3,7.3526506423950195
STA_C4,7.3526506423950195
STA_C5,7.3526506423950195
STA_C6,7.3526506423950195
STA_C7,7.3526506423950195
STA_C8,7.3526506423950195
STA_C9,7.3526506423950195
STA_D1,7.3526506423950195
STA_D2,7.3526506423950195
STA_D3,7.3526506423950195
STA_D4,7.3526506423950195
STA_E1,7.3526506423950195
STA_E2,7.275669574737549
STA_E3,7.3526506423950195
STA_F1,7.3526506423950195
STA_F2,7.3526506423950195
STA_F3,7.3526506423950195
STA_G1,4.980672836303711
STA_G2,4.980672836303711
STA_G3,4.980672836303711
STA_G4,4.980672836303711
STA_G5,4.980672836303711
STA_H1,7.3526506423950195
STA_H2,7.3526506423950195
STA_A1,7.3526506423950195
STA_A2,7.3526506423950195
STA_A3,7.3526506423950195
STA_B1,7.3526506423950195
STA_B2,7.3526506423950195
STA_C1,4.980672836303711
STA_C2,4.980672836303711
STA_C3,4.980672836303711
STA_C4,4.980672836303711
STA_C5,4.980672836303711
STA_C6,4.980672836303711
STA_C7,4.980672836303711
STA_C8,4.980672836303711
STA_C9,4.980672836303711
STA_D1,7.3526506423950195
STA_D2,7.3526506423950195
STA_D3,7.3526506423950195
STA_D4,7.3526506423950195
STA_D5,7.3526506423950195
STA_D6,7.3526506423950195
STA_D7,7.3526506423950195
STA_D8,7.3526506423950195
STA_E1,7.3526506423950195
STA_E2,8.012828826904297
STA_E3,7.3526506423950195
STA_E4,7.771852970123291
STA_E5,7.3526506423950195
STA_E6,7.3526506423950195
STA_E7,7.3526506423950195
STA_E8,7.3526506423950195
STA_F1,7.3526506423950195
STA_F2,7.3526506423950195
STA_F3,7.3526506423950195
STA_F4,7.3526506423950195
STA_F5,7.3526506423950195
STA_F6,7.3526506423950195
STA_F7,7.3526506423950195
STA_F8,7.3526506423950195
STA_G1,7.3526506423950195
STA_G2,7.3526506423950195
STA_G3,7.3526506423950195
STA_G4,7.3526506423950195
STA_G5,7.3526506423950195
STA_G6,7.3526506423950195
STA_G7,7.3526506423950195
STA_G8,7.3526506423950195
STA_H1,7.3526506423950195
STA_H2,7.3526506423950195
STA_H3,7.3526506423950195
STA_H4,7.3526506423950195
STA_A1,7.3526506423950195
STA_A2,7.3526506423950195
STA_A3,7.3526506423950195
STA_A4,7.3526506423950195
STA_B1,7.3526506423950195
STA_B2,7.3526506423950195
STA_B3,7.3526506423950195
STA_B4,7.3526506423950195
STA_B5,7.3526506423950195
STA_B6,7.3526506423950195
STA_B7,7.3526506423950195
STA_B8,7.3526506423950195
STA_B9,7.3526506423950195
STA_B10,7.3526506423950195
STA_C1,4.980672836303711
STA_C2,4.980672836303711
STA_C3,4.980672836303711
STA_C4,4.980672836303711
STA_C5,4.980672836303711
STA_C6,4.980672836303711
STA_C7,4.980672836303711
STA_C8,4.980672836303711
STA_C9,4.980672836303711
STA_C10,4.980672836303711
STA_D1,7.3526506423950195
STA_D2,7.3526506423950195
STA_D3,7.3526506423950195
STA_D4,7.3526506423950195
STA_D5,7.3526506423950195
STA_D6,7.3526506423950195
STA_E1,7.3526506423950195
STA_E2,7.3526506423950195
STA_F1,4.980672836303711
STA_F2,4.980672836303711
STA_F3,4.980672836303711
STA_F4,4.980672836303711
STA_F5,4.980672836303711
STA_G1,7.3526506423950195
STA_G2,7.3526506423950195
STA_G3,7.3526506423950195
STA_H1,7.3526506423950195
STA_H2,7.3526506423950195
STA_H3,7.3526506423950195
STA_A1,7.238387584686279
STA_A2,7.3526506423950195
STA_A3,7.3526506423950195
STA_A4,7.229609966278076
STA_A5,7.3526506423950195
STA_B1,7.3526506423950195
STA_B2,7.3526506423950195
STA_B3,7.3526506423950195
STA_C1,7.3526506423950195
STA_C2,7.3526506423950195
STA_C3,7.3526506423950195
STA_C4,7.3526506423950195
STA_C5,7.3526506423950195
STA_D1,7.3526506423950195
STA_D2,7.3526506423950195
STA_D3,7.3526506423950195
STA_E1,7.3526506423950195
STA_E2,7.3526506423950195
STA_E3,7.3526506423950195
STA_E4,7.3526506423950195
STA_F1,7.3526506423950195
STA_F2,7.3526506423950195
STA_F3,7.3526506423950195
STA_F4,7.3526506423950195
STA_F5,7.3526506423950195
STA_F6,7.3526506423950195
STA_F7,7.3526506423950195
STA_F8,7.3526506423950195
STA_F9,7.3526506423950195
STA_F10,7.3526506423950195
STA_G1,7.3526506423950195
STA_G2,7.3526506423950195
STA_G3,7.3526506423950195
STA_H1,7.3526506423950195
STA_H2,7.3526506423950195
STA_A1,4.980672836303711
STA_A2,4.980672836303711
STA_A3,4.980672836303711
STA_A4,4.980672836303711
STA_A5,4.980672836303711
STA_B1,7.3526506423950195
STA_B2,7.3526506423950195
STA_B3,7.3526506423950195
STA_B4,7.3526506423950195
STA_B5,7.3526506423950195
STA_C1,7.3526506423950195
STA_C2,7.3526506423950195
STA_C3,7.3526506423950195
STA_C4,7.3526506423950195
STA_C5,7.3526506423950195
STA_C6,7.3526506423950195
STA_C7,7.3526506423950195
STA_C8,7.3526506423950195
STA_C9,7.3526506423950195
STA_D1,4.980672836303711
STA_D2,4.980672836303711
STA_D3,2.3350062370300293
STA_D4,4.980672836303711
STA_E1,4.980672836303711
STA_E2,4.980672836303711
STA_F1,7.3526506423950195
STA_F2,7.3526506423950195
STA_F3,7.3526506423950195
STA_F4,7.3526506423950195
STA_F5,7.3526506423950195
STA_F6,7.3526506423950195
STA_F7,7.3526506423950195
STA_G1,7.3526506423950195
STA_G2,7.3526506423950195
STA_G3,7.3526506423950195
STA_G4,7.3526506423950195
STA_G5,7.3526506423950195
STA_G6,7.3526506423950195
STA_G7,7.3526506423950195
STA_G8,7.3526506423950195
STA_G9,7.3526506423950195
STA_G10,7.3526506423950195
STA_H1,7.3526506423950195
STA_H2,7.3526506423950195
STA_H3,7.3526506423950195
STA_H4,7.3526506423950195
STA_H5,7.3526506423950195
STA_H6,7.3526506423950195
STA_H7,7.3526506423950195
STA_A1,7.3526506423950195
STA_A2,7.3526506423950195
STA_A3,7.3526506423950195
STA_A4,7.3526506423950195
STA_A5,7.3526506423950195
STA_B1,7.3526506423950195
STA_B2,7.3526506423950195
STA_B3,7.3526506423950195
STA_B4,7.3526506423950195
STA_B5,7.3526506423950195
STA_B6,7.3526506423950195
STA_B7,7.3526506423950195
STA_C1,7.3526506423950195
STA_C2,7.3526506423950195
STA_C3,7.3526506423950195
STA_C4,7.3526506423950195
STA_C5,7.3526506423950195
STA_C6,7.3526506423950195
STA_C7,7.3526506423950195
STA_C8,4.945997714996338
STA_C9,7.3526506423950195
STA_C10,7.3526506423950195
STA_D1,7.3526506423950195
STA_D2,7.3526506423950195
STA_D3,7.3526506423950195
STA_D4,7.3526506423950195
STA_D5,7.3526506423950195
STA_D6,7.3526506423950195
STA_D7,7.3526506423950195
STA_E1,7.3526506423950195
STA_E2,7.3526506423950195
STA_E3,7.3526506423950195
STA_E4,7.3526506423950195
STA_E5,7.3526506423950195
STA_F1,4.980672836303711
STA_F2,4.980672836303711
STA_F3,4.980672836303711
STA_F4,4.980672836303711
STA_F5,4.980672836303711
STA_G1,7.3526506423950195
STA_G2,7.3526506423950195
STA_G3,7.3526506423950195
STA_G4,7.3526506423950195
STA_G5,7.3526506423950195
STA_G6,7.3526506423950195
STA_G7,7.3526506423950195
STA_G8,7.3526506423950195
STA_G9,7.3526506423950195
STA_H1,7.3526506423950195
STA_H2,7.3526506423950195
STA_H3,7.3526506423950195
STA_H4,7.3526506423950195
STA_H5,7.3526506423950195
STA_A1,7.3526506423950195
STA_A2,7.3526506423950195
STA_A3,7.3526506423950195
STA_A4,3.8524770736694336
STA_A5,7.3526506423950195
STA_A6,7.3526506423950195
STA_A7,7.3526506423950195
STA_B1,1.4743056297302246
STA_B2,4.29549503326416
STA_B3,7.3526506423950195
STA_B4,7.3526506423950195
STA_B5,7.3526506423950195
STA_B6,7.3526506423950195
STA_B7,7.3526506423950195
STA_B8,7.3526506423950195
STA_B9,7.3526506423950195
STA_B10,4.999850749969482
STA_C1,6.757797718048096
STA_C2,6.757797718048096
STA_C3,6.757797718048096
STA_C4,6.757797718048096
STA_C5,6.757797718048096
STA_C6,6.757797718048096
STA_C7,0.8662694096565247
STA_C8,6.757797718048096
STA_C9,6.757797718048096
STA_C10,6.757797718048096
STA_D1,7.3526506423950195
STA_D2,7.3526506423950195
STA_D3,7.3526506423950195
STA_D4,3.602924108505249
STA_D5,7.3526506423950195
STA_E1,7.3526506423950195
STA_E2,7.3526506423950195
STA_E3,7.340470790863037
STA_E4,7.3526506423950195
STA_E5,7.3526506423950195
STA_E6,7.3526506423950195
STA_E7,7.3526506423950195
STA_E8,7.3526506423950195
STA_E9,7.3526506423950195
STA_E10,7.816880226135254
STA_F1,7.3526506423950195
STA_F2,7.3526506423950195
STA_F3,7.3526506423950195
STA_G1,7.3526506423950195
STA_G2,7.3526506423950195
STA_G3,7.3526506423950195
STA_G4,7.3526506423950195
STA_G5,7.3526506423950195
STA_G6,7.3526506423950195
STA_G7,7.3526506423950195
STA_G8,7.3526506423950195
STA_H1,7.3526506423950195
STA_H2,7.3526506423950195
STA_H3,7.3526506423950195
STA_H4,7.3526506423950195
STA_H5,7.3526506423950195
STA_H6,7.3526506423950195
STA_H7,7.3526506423950195
STA_H8,7.3526506423950195
STA_A1,7.3526506423950195
STA_A2,3.4232254028320312
STA_A3,7.3526506423950195
STA_A4,7.3526506423950195
STA_A5,7.3526506423950195
STA_A6,7.3526506423950195
STA_A7,7.3526506423950195
STA_B1,7.3526506423950195
STA_B2,7.3526506423950195
STA_B3,7.3526506423950195
STA_B4,7.3526506423950195
STA_B5,7.3526506423950195
STA_B6,7.3526506423950195
STA_C1,7.3526506423950195
STA_C2,7.3526506423950195
STA_D1,7.3526506423950195
STA_D2,7.3526506423950195
STA_D3,7.3526506423950195
STA_E1,7.3526506423950195
STA_E2,7.3526506423950195
STA_E3,7.3526506423950195
STA_E4,7.3526506423950195
STA_F1,7.3526506423950195
STA_F2,7.3526506423950195
STA_F3,7.3526506423950195
STA_F4,7.3526506423950195
STA_F5,7.3526506423950195
STA_G1,7.3526506423950195
STA_G2,7.3526506423950195
STA_H1,7.3526506423950195
STA_H2,7.3526506423950195
STA_H3,7.3526506423950195
STA_A1,7.3526506423950195
STA_A2,7.3526506423950195
STA_A3,7.3526506423950195
STA_A4,7.3526506423950195
STA_A5,7.3526506423950195
STA_A6,7.3526506423950195
STA_A7,7.3526506423950195
STA_A8,0.7101214528083801
STA_A9,7.3526506423950195
STA_B1,6.757797718048096
STA_B2,6.757797718048096
STA_B3,6.757797718048096
STA_B4,6.757797718048096
STA_C1,7.3526506423950195
STA_C2,7.3526506423950195
STA_C3,7.3526506423950195
STA_C4,7.3526506423950195
STA_C5,7.3526506423950195
STA_C6,7.3526506423950195
STA_D1,7.3526506423950195
STA_D2,7.3526506423950195
STA_D3,7.3526506423950195
STA_D4,7.3526506423950195
STA_D5,7.3526506423950195
STA_D6,7.3526506423950195
STA_D7,3.869051694869995
STA_D8,7.3526506423950195
STA_E1,7.3526506423950195
STA_E2,7.3526506423950195
STA_E3,7.3526506423950195
STA_E4,7.3526506423950195
STA_F1,6.757797718048096
STA_F2,6.757797718048096
STA_F3,6.757797718048096
STA_F4,6.757797718048096
STA_F5,6.757797718048096
STA_G1,7.3526506423950195
STA_G2,7.3526506423950195
STA_G3,7.3526506423950195
STA_G4,7.3526506423950195
STA_G5,7.3526506423950195
STA_G6,7.3526506423950195
STA_H1,7.3526506423950195
STA_H2,7.3526506423950195
STA_H3,7.3526506423950195
STA_H4,7.3526506423950195
STA_H5,7.3526506423950195
STA_H6,7.3526506423950195
STA_H7,7.3526506423950195
STA_H8,7.3526506423950195
STA_H9,7.3526506423950195
STA_H10,7.3526506423950195
STA_A1,7.3526506423950195
STA_A2,7.3526506423950195
STA_A3,7.3526506423950195
STA_A4,7.3526506423950195
STA_A5,7.3526506423950195
STA_A6,7.3526506423950195
STA_A7,7.3526506423950195
STA_B1,7.3526506423950195
STA_B2,3.8966238498687744
STA_B3,7.3526506423950195
STA_B4,7.3526506423950195
STA_B5,7.3526506423950195
STA_B6,7.3526506423950195
STA_B7,7.3526506423950195
STA_B8,6.244575500488281
STA_C1,7.3526506423950195
STA_C2,7.3526506423950195
STA_C3,7.3526506423950195
STA_C4,7.3526506423950195
STA_C5,7.3526506423950195
STA_C6,7.3526506423950195
STA_D1,4.980672836303711
STA_D2,4.980672836303711
STA_D3,4.980672836303711
STA_D4,4.980672836303711
STA_D5,4.980672836303711
STA_E1,7.3526506423950195
STA_E2,7.3526506423950195
STA_E3,7.3526506423950195
STA_E4,7.3526506423950195
STA_F1,7.3526506423950195
STA_F2,7.3526506423950195
STA_F3,7.3526506423950195
STA_F4,7.3526506423950195
STA_F5,7.3526506423950195
STA_F6,7.3526506423950195
STA_F7,7.3526506423950195
STA_F8,7.3526506423950195
STA_F9,7.3526506423950195
STA_G1,7.3526506423950195
STA_G2,7.3526506423950195
STA_G3,7.3526506423950195
STA_G4,7.3526506423950195
STA_G5,7.3526506423950195
STA_G6,7.3526506423950195
STA_G7,7.3526506423950195
STA_G8,7.3526506423950195
STA_H1,7.3526506423950195
STA_H2,7.3526506423950195
STA_H3,7.3526506423950195
STA_H4,7.3526506423950195
STA_H5,7.3526506423950195
STA_H6,7.3526506423950195
STA_A1,7.3526506423950195
STA_A2,7.3526506423950195
STA_B1,7.3526506423950195
STA_B2,7.3526506423950195
STA_B3,7.3526506423950195
STA_B4,7.3526506423950195
STA_B5,3.6104233264923096
STA_B6,7.3526506423950195
STA_B7,7.3526506423950195
STA_B8,7.3526506423950195
STA_B9,7.3526506423950195
STA_B10,7.3526506423950195
STA_C1,7.3526506423950195
STA_C2,7.3526506423950195
STA_D1,6.757797718048096
STA_D2,6.757797718048096
STA_D3,6.757797718048096
STA_E1,4.980672836303711
STA_E2,4.980672836303711
STA_E3,4.980672836303711
STA_E4,4.980672836303711
STA_F1,7.3526506423950195
STA_F2,7.3526506423950195
STA_F3,7.3526506423950195
STA_F4,7.3526506423950195
STA_F5,7.3526506423950195
STA_F6,7.3526506423950195
STA_F7,7.3526506423950195
STA_F8,7.3526506423950195
STA_F9,7.3526506423950195
STA_F10,7.3526506423950195
STA_G1,7.3526506423950195
STA_G2,7.3526506423950195
STA_G3,7.3526506423950195
STA_G4,7.3526506423950195
STA_G5,7.3526506423950195
STA_H1,6.757797718048096
STA_H2,6.757797718048096
STA_H3,6.757797718048096
STA_H4,6.757797718048096
STA_H5,6.757797718048096
STA_A1,7.3526506423950195
STA_A2,7.3526506423950195
STA_B1,7.3526506423950195
STA_B2,7.3526506423950195
STA_B3,5.474475383758545
STA_B4,7.3526506423950195
STA_B5,7.3526506423950195
STA_C1,4.980672836303711
STA_C2,4.980672836303711
STA_C3,4.980672836303711
STA_C4,4.980672836303711
STA_C5,1.3524845838546753
STA_C6,4.980672836303711
STA_C7,4.980672836303711
STA_C8,4.980672836303711
STA_D1,7.3526506423950195
STA_D2,7.3526506423950195
STA_D3,7.3526506423950195
STA_D4,7.3526506423950195
STA_D5,7.3526506423950195
STA_E1,7.3526506423950195
STA_E2,7.31447172164917
STA_E3,7.3526506423950195
STA_E4,7.3526506423950195
STA_E5,7.3526506423950195
STA_E6,7.3526506423950195
STA_F1,7.3526506423950195
STA_F2,7.3526506423950195
STA_F3,7.3526506423950195
STA_F4,7.3526506423950195
STA_F5,7.3526506423950195
STA_G1,7.3526506423950195
STA_G2,7.3526506423950195
STA_G3,7.3526506423950195
STA_G4,7.3526506423950195
STA_G5,7.3526506423950195
STA_G6,7.3526506423950195
STA_G7,7.3526506423950195
STA_G8,7.3526506423950195
STA_G9,7.3526506423950195
STA_H1,7.3526506423950195
STA_H2,7.3526506423950195
STA_H3,7.3526506423950195
STA_H4,7.3526506423950195
STA_H5,7.3526506423950195
STA_H6,7.3526506423950195
STA_H7,7.3526506423950195
STA_H8,7.3526506423950195
STA_A1,6.757797718048096
STA_A2,6.757797718048096
STA_B1,7.3526506423950195
STA_B2,7.3526506423950195
STA_B3,7.3526506423950195
STA_B4,4.939342975616455
STA_B5,7.3526506423950195
STA_B6,7.3526506423950195
STA_B7,7.3526506423950195
STA_B8,7.3526506423950195
STA_B9,7.3526506423950195
STA_B10,7.3526506423950195
STA_C1,7.3526506423950195
STA_C2,7.3526506423950195
STA_C3,7.3526506423950195
STA_C4,7.3526506423950195
STA_C5,7.3526506423950195
STA_C6,7.3526506423950195
STA_D1,7.3526506423950195
STA_D2,7.3526506423950195
STA_D3,7.3526506423950195
STA_D4,7.3526506423950195
STA_D5,7.3526506423950195
STA_D6,3.4232254028320312
STA_D7,7.3526506423950195
STA_E1,6.757797718048096
STA_E2,6.757797718048096
STA_E3,6.757797718048096
STA_E4,6.757797718048096
STA_E5,6.757797718048096
STA_F1,7.3526506423950195
STA_F2,7.3526506423950195
STA_G1,7.3526506423950195
STA_G2,7.3526506423950195
STA_G3,7.3526506423950195
STA_G4,7.3526506423950195
STA_G5,7.3526506423950195
STA_H1,7.3526506423950195
STA_H2,7.3526506423950195
STA_A1,7.3526506423950195
STA_A2,7.3526506423950195
STA_A3,7.3526506423950195
STA_A4,7.3526506423950195
STA_A5,7.3526506423950195
STA_A6,4.117149353027344
STA_B1,7.3526506423950195
STA_B2,7.3526506423950195
STA_B3,7.3526506423950195
STA_B4,7.3526506423950195
STA_B5,7.3526506423950195
STA_B6,7.3526506423950195
STA_B7,7.3526506423950195
STA_B8,7.3526506423950195
STA_B9,7.3526506423950195
STA_B10,7.3526506423950195
STA_C1,7.3526506423950195
STA_C2,7.3526506423950195
STA_C3,7.3526506423950195
STA_C4,7.3526506423950195
STA_C5,7.3526506423950195
STA_C6,7.3526506423950195
STA_C7,7.3526506423950195
STA_C8,7.3526506423950195
STA_C9,7.3526506423950195
STA_D1,7.3526506423950195
STA_D2,7.3526506423950195
STA_D3,7.3526506423950195
STA_D4,3.65836238861084
STA_D5,7.3526506423950195
STA_D6,7.3526506423950195
STA_D7,7.3526506423950195
STA_D8,7.3526506423950195
STA_E1,7.3526506423950195
STA_E2,7.3526506423950195
STA_E3,7.3526506423950195
STA_E4,7.3526506423950195
STA_F1,7.3526506423950195
STA_F2,7.3526506423950195
STA_F3,7.3526506423950195
STA_F4,7.3526506423950195
STA_F5,7.3526506423950195
STA_F6,7.3526506423950195
STA_F7,7.3526506423950195
STA_F8,7.3526506423950195
STA_F9,7.3526506423950195
STA_F10,7.3526506423950195
STA_G1,7.3526506423950195
STA_G2,7.3526506423950195
STA_G3,7.3526506423950195
STA_G4,7.3526506423950195
STA_G5,7.3526506423950195
STA_G6,7.3526506423950195
STA_H1,7.3526506423950195
STA_H2,7.3526506423950195
STA_H3,7.3526506423950195
STA_H4,7.3526506423950195
STA_H5,7.3526506423950195
STA_H6,7.3526506423950195
STA_H7,7.3526506423950195
STA_A1,7.3526506423950195
STA_A2,7.3526506423950195
STA_A3,7.3526506423950195
STA_A4,7.3526506423950195
STA_A5,7.2573018074035645
STA_A6,7.3526506423950195
STA_A7,7.238387584686279
STA_A8,7.3526506423950195
STA_A9,7.3526506423950195
STA_B1,7.3526506423950195
STA_B2,7.3526506423950195
STA_B3,7.3526506423950195
STA_B4,7.3526506423950195
STA_B5,7.3526506423950195
STA_B6,7.3526506423950195
STA_C1,7.3526506423950195
STA_C2,7.3526506423950195
STA_C3,7.3526506423950195
STA_C4,7.3526506423950195
STA_C5,4.190490245819092
STA_C6,7.3526506423950195
STA_D1,7.3526506423950195
STA_D2,7.3526506423950195
STA_D3,7.3526506423950195
STA_D4,7.3526506423950195
STA_D5,7.3526506423950195
STA_D6,7.3526506423950195
STA_D7,4.895044803619385
STA_D8,7.3526506423950195
STA_D9,7.3526506423950195
STA_D10,7.3526506423950195
STA_E1,7.3526506423950195
STA_E2,7.3526506423950195
STA_E3,7.3526506423950195
STA_F1,6.757797718048096
STA_F2,6.757797718048096
STA_F3,6.757797718048096
STA_F4,6.757797718048096
STA_F5,6.757797718048096
STA_F6,6.757797718048096
STA_F7,6.757797718048096
STA_F8,6.757797718048096
STA_F9,6.757797718048096
STA_F10,6.757797718048096
STA_G1,7.3526506423950195
STA_G2,7.3526506423950195
STA_G3,7.3526506423950195
STA_G4,7.3526506423950195
STA_G5,7.3526506423950195
STA_G6,7.3526506423950195
STA_G7,7.3526506423950195
STA_G8,7.3526506423950195
STA_H1,7.3526506423950195
STA_H2,7.3526506423950195
STA_A1,7.3526506423950195
STA_A2,4.875504493713379
STA_A3,3.60417103767395
STA_A4,7.3526506423950195
STA_A5,7.3526506423950195
STA_B1,7.3526506423950195
STA_B2,7.3526506423950195
STA_B3,7.3526506423950195
STA_C1,7.3526506423950195
STA_C2,7.3526506423950195
STA_C3,7.3526506423950195
STA_C4,7.3526506423950195
STA_C5,7.3526506423950195
STA_C6,7.3526506423950195
STA_C7,7.3526506423950195
STA_C8,7.3526506423950195
STA_D1,7.3526506423950195
STA_D2,7.3526506423950195
STA_D3,7.3526506423950195
STA_D4,7.3526506423950195
STA_D5,7.3526506423950195
STA_D6,7.3526506423950195
STA_D7,7.3526506423950195
STA_D8,7.3526506423950195
STA_D9,7.3526506423950195
STA_D10,7.3526506423950195
STA_E1,7.3526506423950195
STA_E2,7.3526506423950195
STA_E3,7.3526506423950195
STA_E4,7.3526506423950195
STA_E5,7.3526506423950195
STA_E6,7.3526506423950195
STA_E7,7.3526506423950195
STA_F1,6.757797718048096
STA_F2,6.757797718048096
STA_F3,6.757797718048096
STA_F4,6.757797718048096
STA_F5,6.757797718048096
STA_F6,6.757797718048096
STA_F7,6.757797718048096
STA_F8,6.757797718048096
STA_F9,6.757797718048096
STA_F10,6.757797718048096
STA_G1,7.3526506423950195
STA_G2,7.3526506423950195
STA_H1,7.3526506423950195
STA_H2,7.3526506423950195
STA_H3,7.3526506423950195
STA_H4,7.3526506423950195
STA_H5,7.3526506423950195
STA_H6,7.3526506423950195
STA_A1,4.980672836303711
STA_A2,4.980672836303711
STA_A3,4.980672836303711
STA_A4,4.980672836303711
STA_A5,4.980672836303711
STA_A6,4.980672836303711
STA_A7,4.980672836303711
STA_B1,7.3526506423950195
STA_B2,7.3526506423950195
STA_B3,7.3526506423950195
STA_B4,7.3526506423950195
STA_C1,7.3526506423950195
STA_C2,7.3526506423950195
STA_C3,7.3526506423950195
STA_C4,3.8966238498687744
STA_C5,7.3526506423950195
STA_C6,4.236416339874268
STA_D1,7.3526506423950195
STA_D2,7.3526506423950195
STA_E1,7.3526506423950195
STA_E2,7.3526506423950195
STA_E3,7.3526506423950195
STA_E4,7.3526506423950195
STA_E5,7.3526506423950195
STA_E6,7.3526506423950195
STA_E7,7.3526506423950195
STA_E8,7.3526506423950195
STA_E9,7.3526506423950195
STA_E10,7.3526506423950195
STA_F1,4.980672836303711
STA_F2,4.980672836303711
STA_F3,4.980672836303711
STA_F4,4.980672836303711
STA_F5,4.980672836303711
STA_F6,4.980672836303711
STA_F7,4.980672836303711
STA_F8,4.980672836303711
STA_G1,6.757797718048096
STA_G2,6.757797718048096
STA_G3,6.757797718048096
STA_G4,6.757797718048096
STA_G5,6.757797718048096
STA_G6,6.757797718048096
STA_G7,6.757797718048096
STA_G8,6.757797718048096
STA_G9,6.757797718048096
STA_G10,6.757797718048096
STA_H1,6.757797718048096
STA_H2,6.757797718048096
STA_H3,6.757797718048096
STA_H4,6.757797718048096
STA_H5,6.757797718048096
STA_H6,6.757797718048096
STA_H7,6.757797718048096
STA_A1,7.398647308349609
STA_A2,7.3526506423950195
STA_A3,7.3526506423950195
STA_A4,4.851212978363037
STA_A5,7.3526506423950195
STA_A6,7.3526506423950195
STA_A7,7.3526506423950195
STA_B1,7.3526506423950195
STA_B2,7.3526506423950195
STA_B3,7.3526506423950195
STA_B4,7.3526506423950195
STA_B5,7.3526506423950195
STA_C1,7.3526506423950195
STA_C2,7.3526506423950195
STA_C3,7.3526506423950195
STA_C4,7.3526506423950195
STA_C5,7.3526506423950195
STA_D1,7.3526506423950195
STA_D2,7.3526506423950195
STA_D3,7.3526506423950195
STA_D4,7.3526506423950195
STA_D5,7.3526506423950195
STA_D6,7.3526506423950195
STA_D7,7.3526506423950195
STA_D8,3.544023275375366
STA_D9,7.3526506423950195
STA_E1,7.2573018074035645
STA_E2,7.3526506423950195
STA_E3,7.3526506423950195
STA_E4,7.3526506423950195
STA_E5,7.342593669891357
STA_E6,7.3526506423950195
STA_E7,7.3526506423950195
STA_F1,7.3526506423950195
STA_F2,7.3526506423950195
STA_F3,7.3526506423950195
STA_F4,7.3526506423950195
STA_G1,7.3526506423950195
STA_G2,7.3526506423950195
STA_G3,7.3526506423950195
STA_G4,7.3526506423950195
STA_G5,7.3526506423950195
STA_G6,7.3526506423950195
STA_G7,7.3526506423950195
STA_G8,7.3526506423950195
STA_G9,7.3526506423950195
STA_H1,4.980672836303711
STA_H2,4.980672836303711
STA_H3,4.980672836303711
STA_H4,4.980672836303711
STA_H5,4.980672836303711
STA_H6,4.980672836303711
STA_H7,4.980672836303711
STA_H8,4.980672836303711
STA_H9,4.980672836303711
STA_A1,7.3526506423950195
STA_A2,7.359753608703613
STA_A3,7.3526506423950195
STA_A4,7.3526506423950195
STA_A5,7.3526506423950195
STA_A6,7.3526506423950195
STA_A7,7.3526506423950195
STA_A8,7.3526506423950195
STA_A9,7.3526506423950195
STA_B1,7.3526506423950195
STA_B2,7.3526506423950195
STA_B3,7.3526506423950195
STA_C1,7.3526506423950195
STA_C2,7.3526506423950195
STA_C3,7.3526506423950195
STA_C4,7.3526506423950195
STA_C5,7.3526506423950195
STA_C6,7.3526506423950195
STA_C7,7.3526506423950195
STA_C8,7.3526506423950195
STA_C9,7.3526506423950195
STA_D1,7.3526506423950195
STA_D2,7.3526506423950195
STA_D3,7.3526506423950195
STA_D4,7.3526506423950195
STA_D5,7.3526506423950195
STA_D6,7.3526506423950195
STA_D7,7.3526506423950195
STA_D8,7.3526506423950195
STA_D9,3.735740900039673
STA_E1,7.3526506423950195
STA_E2,7.3526506423950195
STA_E3,7.3526506423950195
STA_E4,7.3526506423950195
STA_E5,7.3526506423950195
STA_E6,7.3526506423950195
STA_E7,7.3526506423950195
STA_E8,7.3526506423950195
STA_F1,7.3526506423950195
STA_F2,7.3526506423950195
STA_F3,7.3526506423950195
STA_F4,7.3526506423950195
STA_F5,7.3526506423950195
STA_G1,7.3526506423950195
STA_G2,7.3526506423950195
STA_G3,7.3526506423950195
STA_H1,4.980672836303711
STA_H2,4.980672836303711
STA_H3,4.980672836303711
STA_A1,7.3526506423950195
STA_A2,7.97749662399292
STA_A3,7.3526506423950195
STA_A4,7.238387584686279
STA_A5,7.3526506423950195
STA_A6,7.3526506423950195
STA_B1,6.757797718048096
STA_B2,6.757797718048096
STA_B3,6.757797718048096
STA_B4,6.757797718048096
STA_C1,7.3526506423950195
STA_C2,7.3526506423950195
STA_D1,7.3526506423950195
STA_D2,7.3526506423950195
STA_E1,4.980672836303711
STA_E2,4.980672836303711
STA_E3,4.952253818511963
STA_E4,5.0693488121032715
STA_F1,7.3526506423950195
STA_F2,7.3526506423950195
STA_F3,7.3526506423950195
STA_F4,7.3526506423950195
STA_F5,7.3526506423950195
STA_F6,7.3526506423950195
STA_F7,7.3526506423950195
STA_F8,7.3526506423950195
STA_G1,4.980672836303711
STA_G2,4.980672836303711
STA_G3,4.980672836303711
STA_H1,7.3526506423950195
STA_H2,7.3526506423950195
STA_H3,7.3526506423950195
STA_H4,7.3526506423950195
STA_A1,7.3526506423950195
STA_A2,7.3526506423950195
STA_A3,7.3526506423950195
STA_A4,7.3526506423950195
STA_A5,7.3526506423950195
STA_B1,7.3526506423950195
STA_B2,7.3526506423950195
STA_B3,7.3526506423950195
STA_B4,7.3526506423950195
STA_C1,4.980672836303711
STA_C2,4.980672836303711
STA_D1,7.3526506423950195
STA_D2,7.3526506423950195
STA_E1,7.3526506423950195
STA_E2,7.3526506423950195
STA_E3,7.946744918823242
STA_E4,7.3526506423950195
STA_E5,7.2573018074035645
STA_F1,7.3526506423950195
STA_F2,7.3526506423950195
STA_F3,7.3526506423950195
STA_F4,7.3526506423950195
STA_F5,7.3526506423950195
STA_F6,7.3526506423950195
STA_G1,7.3526506423950195
STA_G2,7.3526506423950195
STA_G3,7.3526506423950195
STA_G4,7.3526506423950195
STA_H1,6.757797718048096
STA_H2,6.757797718048096
STA_H3,6.757797718048096
STA_H4,6.757797718048096
STA_H5,6.757797718048096
STA_A1,7.303126335144043
STA_A2,7.3526506423950195
STA_A3,7.3526506423950195
STA_A4,7.3526506423950195
STA_A5,7.3526506423950195
STA_A6,7.3526506423950195
STA_A7,7.3526506423950195
STA_A8,7.3526506423950195
STA_A9,7.3526506423950195
STA_B1,7.3526506423950195
STA_B2,7.3526506423950195
STA_C1,7.3526506423950195
STA_C2,7.3526506423950195
STA_C3,7.3526506423950195
STA_C4,7.3526506423950195
STA_D1,7.3526506423950195
STA_D2,7.3526506423950195
STA_D3,7.3526506423950195
STA_D4,7.3526506423950195
STA_E1,7.3526506423950195
STA_E2,7.3526506423950195
STA_E3,7.3526506423950195
STA_E4,7.3526506423950195
STA_E5,7.3526506423950195
STA_E6,7.3526506423950195
STA_E7,7.3526506423950195
STA_E8,7.3526506423950195
STA_E9,7.3526506423950195
STA_F1,7.3526506423950195
STA_F2,7.3526506423950195
STA_F3,7.3526506423950195
STA_F4,7.3526506423950195
STA_F5,7.3526506423950195
STA_G1,4.980672836303711
STA_G2,4.980672836303711
STA_G3,4.980672836303711
STA_G4,4.980672836303711
STA_G5,4.980672836303711
STA_G6,4.980672836303711
STA_G7,4.980672836303711
STA_G8,4.980672836303711
STA_G9,4.980672836303711
STA_H1,7.3526506423950195
STA_H2,7.3526506423950195
STA_H3,7.3526506423950195
STA_H4,7.3526506423950195
STA_H5,7.3526506423950195
STA_H6,7.3526506423950195
STA_H7,7.3526506423950195
STA_H8,7.3526506423950195
STA_A1,4.980672836303711
STA_A2,4.980672836303711
STA_A3,4.980672836303711
STA_A4,5.5885910987854
STA_B1,7.3526506423950195
STA_B2,7.3526506423950195
STA_B3,7.3526506423950195
STA_B4,7.3526506423950195
STA_B5,7.3526506423950195
STA_B6,7.3526506423950195
STA_B7,7.3526506423950195
STA_B8,7.3526506423950195
STA_C1,4.980672836303711
STA_C2,4.980672836303711
STA_C3,4.980672836303711
STA_C4,4.980672836303711
STA_C5,4.980672836303711
STA_C6,4.980672836303711
STA_C7,4.980672836303711
STA_C8,4.980672836303711
STA_C9,4.980672836303711
STA_D1,7.3526506423950195
STA_D2,7.3526506423950195
STA_D3,7.3526506423950195
STA_D4,7.3526506423950195
STA_D5,7.3526506423950195
STA_E1,7.3526506423950195
STA_E2,7.3526506423950195
STA_E3,7.3526506423950195
STA_F1,4.980672836303711
STA_F2,4.980672836303711
STA_F3,4.980672836303711
STA_F4,4.980672836303711
STA_F5,4.980672836303711
STA_F6,4.980672836303711
STA_G1,7.3526506423950195
STA_G2,7.3526506423950195
STA_G3,7.3526506423950195
STA_G4,7.3526506423950195
STA_G5,7.3526506423950195
STA_G6,7.3526506423950195
STA_G7,7.3526506423950195
STA_G8,7.3526506423950195
STA_G9,7.3526506423950195
STA_H1,6.757797718048096
STA_H2,6.757797718048096
STA_H3,6.757797718048096
STA_H4,6.757797718048096
STA_H5,6.757797718048096
STA_H6,6.757797718048096
STA_H7,6.757797718048096
STA_H8,6.757797718048096
STA_A1,7.3526506423950195
STA_A2,7.3526506423950195
STA_A3,7.3526506423950195
STA_A4,7.3526506423950195
STA_B1,7.3526506423950195
STA_B2,7.3526506423950195
STA_B3,7.3526506423950195
STA_B4,7.3526506423950195
STA_B5,3.544023275375366
STA_B6,7.3526506423950195
STA_C1,4.980672836303711
STA_C2,4.980672836303711
STA_C3,4.980672836303711
STA_C4,4.980672836303711
STA_D1,7.3526506423950195
STA_D2,7.3526506423950195
STA_E1,7.3526506423950195
STA_E2,7.3526506423950195
STA_E3,7.3526506423950195
STA_E4,7.3526506423950195
STA_E5,7.3526506423950195
STA_E6,7.3526506423950195
STA_E7,7.3526506423950195
STA_E8,7.3526506423950195
STA_F1,7.3526506423950195
STA_F2,7.3526506423950195
STA_F3,7.3526506423950195
STA_F4,7.3526506423950195
STA_G1,7.3526506423950195
STA_G2,7.3526506423950195
STA_G3,7.3526506423950195
STA_G4,7.3526506423950195
STA_H1,7.3526506423950195
STA_H2,7.3526506423950195
STA_H3,7.3526506423950195
STA_H4,7.3526506423950195
STA_H5,7.3526506423950195
STA_H6,7.3526506423950195
STA_A1,7.3526506423950195
STA_A2,7.3526506423950195
STA_A3,7.3526506423950195
STA_A4,3.603726625442505
STA_B1,7.3526506423950195
STA_B2,7.3526506423950195
STA_B3,7.3526506423950195
STA_B4,7.3526506423950195
STA_B5,7.3526506423950195
STA_B6,7.3526506423950195
STA_B7,7.3526506423950195
STA_B8,7.3526506423950195
STA_B9,7.3526506423950195
STA_C1,4.980672836303711
STA_C2,4.980672836303711
STA_C3,4.980672836303711
STA_C4,4.980672836303711
STA_C5,1.5726925134658813
STA_C6,4.980672836303711
STA_D1,7.3526506423950195
STA_D2,7.3526506423950195
STA_D3,7.3526506423950195
STA_D4,7.3526506423950195
STA_D5,7.3526506423950195
STA_E1,7.3526506423950195
STA_E2,6.766069412231445
STA_E3,7.3526506423950195
STA_E4,7.3526506423950195
STA_E5,7.3526506423950195
STA_E6,7.3526506423950195
STA_E7,7.3526506423950195
STA_E8,7.3526506423950195
STA_E9,7.238387584686279
STA_F1,4.980672836303711
STA_F2,4.980672836303711
STA_F3,4.980672836303711
STA_F4,4.980672836303711
STA_F5,4.980672836303711
STA_F6,4.980672836303711
STA_F7,4.980672836303711
STA_F8,4.980672836303711
STA_F9,4.980672836303711
STA_F10,4.980672836303711
STA_G1,6.757797718048096
STA_G2,6.757797718048096
STA_G3,6.757797718048096
STA_G4,6.757797718048096
STA_G5,6.757797718048096
STA_H1,7.3526506423950195
STA_H2,7.3526506423950195
STA_H3,7.3526506423950195
STA_H4,7.3526506423950195
STA_A1,7.3526506423950195
STA_A2,7.3526506423950195
STA_A3,7.3526506423950195
STA_A4,7.3526506423950195
STA_A5,7.3242292404174805
STA_B1,7.3526506423950195
STA_B2,7.3526506423950195
STA_B3,7.3526506423950195
STA_B4,7.3526506423950195
STA_B5,7.3526506423950195
STA_B6,7.3526506423950195
STA_C1,7.3526506423950195
STA_C2,7.3526506423950195
STA_D1,4.980672836303711
STA_D2,4.980672836303711
STA_D3,4.980672836303711
STA_D4,4.980672836303711
STA_D5,4.980672836303711
STA_D6,4.980672836303711
STA_E1,7.3526506423950195
STA_E2,7.3526506423950195
STA_F1,7.3526506423950195
STA_F2,7.3526506423950195
STA_F3,7.3526506423950195
STA_F4,7.3526506423950195
STA_F5,7.3526506423950195
STA_F6,7.3526506423950195
STA_F7,7.3526506423950195
STA_F8,7.3526506423950195
STA_F9,7.3526506423950195
STA_G1,7.3526506423950195
STA_G2,7.3526506423950195
STA_G3,7.3526506423950195
STA_G4,7.3526506423950195
STA_G5,7.3526506423950195
STA_G6,7.3526506423950195
STA_G7,7.3526506423950195
STA_G8,7.3526506423950195
STA_G9,7.3526506423950195
STA_H1,4.980672836303711
STA_H2,4.980672836303711
STA_H3,4.980672836303711
STA_H4,4.980672836303711
STA_H5,4.980672836303711
STA_H6,4.980672836303711
STA_H7,4.980672836303711
STA_A1,7.3526506423950195
STA_A2,7.9689178466796875
STA_A3,7.3526506423950195
STA_A4,7.3526506423950195
STA_A5,7.3526506423950195
STA_A6,7.3526506423950195
STA_A7,7.3526506423950195
STA_B1,7.3526506423950195
STA_B2,7.3526506423950195
STA_B3,7.3526506423950195
STA_B4,7.3526506423950195
STA_B5,7.3526506423950195
STA_B6,7.3526506423950195
STA_C1,7.3526506423950195
STA_C2,7.3526506423950195
STA_C3,7.3526506423950195
STA_C4,7.3526506423950195
STA_C5,7.3526506423950195
STA_C6,7.3526506423950195
STA_C7,7.3526506423950195
STA_C8,7.3526506423950195
STA_C9,7.3526506423950195
STA_D1,7.3526506423950195
STA_D2,7.3526506423950195
STA_E1,7.3526506423950195
STA_E2,7.3526506423950195
STA_F1,7.3526506423950195
STA_F2,7.3526506423950195
STA_F3,7.3526506423950195
STA_F4,7.3526506423950195
STA_F5,7.3526506423950195
STA_F6,7.3526506423950195
STA_F7,7.3526506423950195
STA_F8,7.3526506423950195
STA_F9,7.3526506423950195
STA_G1,7.3526506423950195
STA_G2,7.3526506423950195
STA_G3,7.3526506423950195
STA_G4,7.3526506423950195
STA_H1,4.980672836303711
STA_H2,4.980672836303711
STA_H3,4.980672836303711
STA_H4,4.980672836303711
STA_H5,4.980672836303711
STA_A1,0.5814946293830872
STA_A2,7.3526506423950195
STA_A3,7.3526506423950195
STA_A4,7.3526506423950195
STA_A5,7.3526506423950195
STA_A6,7.3526506423950195
STA_A7,7.3526506423950195
STA_A8,7.3526506423950195
STA_A9,7.3526506423950195
STA_B1,7.3526506423950195
STA_B2,7.3526506423950195
STA_B3,7.3526506423950195
STA_B4,7.3526506423950195
STA_C1,7.3526506423950195
STA_C2,7.3526506423950195
STA_C3,7.3526506423950195
STA_C4,7.3526506423950195
STA_C5,7.3526506423950195
STA_C6,7.3526506423950195
STA_D1,7.3526506423950195
STA_D2,7.3526506423950195
STA_D3,7.3526506423950195
STA_D4,7.3526506423950195
STA_E1,7.3526506423950195
STA_E2,7.3526506423950195
STA_E3,7.3526506423950195
STA_E4,7.3526506423950195
STA_E5,7.3526506423950195
STA_E6,7.3526506423950195
STA_F1,7.3526506423950195
STA_F2,7.3526506423950195
STA_G1,7.3526506423950195
STA_G2,7.3526506423950195
STA_G3,7.3526506423950195
STA_G4,7.3526506423950195
STA_H1,7.3526506423950195
STA_H2,7.3526506423950195
STA_H3,7.3526506423950195
STA_H4,7.3526506423950195
STA_H5,7.3526506423950195
STA_H6,7.3526506423950195
STA_H7,7.3526506423950195
STA_H8,7.3526506423950195
STA_A1,4.980672836303711
STA_A2,4.980672836303711
STA_A3,4.980672836303711
STA_A4,4.980672836303711
STA_A5,4.980672836303711
STA_B1,7.3526506423950195
STA_B2,7.3526506423950195
STA_B3,7.3526506423950195
STA_B4,7.3526506423950195
STA_B5,7.3526506423950195
STA_B6,7.3526506423950195
STA_B7,3.8524770736694336
STA_B8,7.3526506423950195
STA_C1,4.980672836303711
STA_C2,4.980672836303711
STA_C3,4.980672836303711
STA_C4,4.980672836303711
STA_C5,4.980672836303711
STA_C6,4.980672836303711
STA_C7,4.980672836303711
STA_C8,4.980672836303711
STA_C9,4.980672836303711
STA_D1,4.980672836303711
STA_D2,4.980672836303711
STA_D3,4.980672836303711
STA_D4,4.980672836303711
STA_D5,4.980672836303711
STA_E1,7.3526506423950195
STA_E2,7.3526506423950195
STA_E3,7.3526506423950195
STA_E4,7.3526506423950195
STA_E5,7.3526506423950195
STA_F1,7.3526506423950195
STA_F2,7.3526506423950195
STA_F3,7.3526506423950195
STA_F4,7.3526506423950195
STA_F5,7.3526506423950195
STA_F6,7.3526506423950195
STA_F7,7.3526506423950195
STA_F8,7.3526506423950195
STA_F9,7.3526506423950195
STA_F10,7.3526506423950195
STA_G1,7.3526506423950195
STA_G2,7.3526506423950195
STA_G3,7.3526506423950195
STA_G4,7.3526506423950195
STA_G5,7.3526506423950195
STA_G6,7.3526506423950195
STA_G7,7.3526506423950195
STA_G8,7.3526506423950195
STA_H1,7.3526506423950195
STA_H2,7.3526506423950195
STA_H3,7.3526506423950195
STA_A1,4.980672836303711
STA_A2,4.980672836303711
STA_A3,4.980672836303711
STA_A4,4.980672836303711
STA_A5,4.980672836303711
STA_A6,4.980672836303711
STA_A7,4.980672836303711
STA_A8,1.997475028038025
STA_A9,4.980672836303711
STA_B1,7.3526506423950195
STA_B2,7.3526506423950195
STA_B3,7.3526506423950195
STA_B4,3.4202568531036377
STA_B5,7.3526506423950195
STA_B6,7.3526506423950195
STA_B7,7.3526506423950195
STA_B8,7.3526506423950195
STA_B9,7.3526506423950195
STA_B10,7.3526506423950195
STA_C1,7.3526506423950195
STA_C2,7.3526506423950195
STA_C3,7.3526506423950195
STA_C4,7.3526506423950195
STA_C5,7.3526506423950195
STA_D1,7.3526506423950195
STA_D2,7.3526506423950195
STA_D3,7.3526506423950195
STA_D4,7.3526506423950195
STA_D5,7.3526506423950195
STA_D6,7.3526506423950195
STA_D7,7.3526506423950195
STA_D8,3.5325379371643066
STA_D9,7.3526506423950195
STA_D10,7.3526506423950195
STA_E1,7.3526506423950195
STA_E2,7.3526506423950195
STA_E3,7.3526506423950195
STA_E4,7.3526506423950195
STA_E5,7.3526506423950195
STA_F1,6.757797718048096
STA_F2,6.757797718048096
STA_F3,6.757797718048096
STA_F4,6.757797718048096
STA_F5,6.757797718048096
STA_F6,6.757797718048096
STA_F7,6.757797718048096
STA_F8,6.757797718048096
STA_G1,7.3526506423950195
STA_G2,7.3526506423950195
STA_G3,7.3526506423950195
STA_G4,7.3526506423950195
STA_G5,7.3526506423950195
STA_G6,7.3526506423950195
STA_G7,7.3526506423950195
STA_H1,7.3526506423950195
STA_H2,7.3526506423950195
STA_H3,7.3526506423950195
STA_H4,7.3526506423950195
STA_H5,7.3526506423950195
STA_H6,7.3526506423950195
STA_H7,7.3526506423950195
STA_H8,7.3526506423950195
STA_H9,7.3526506423950195
STA_A1,4.9000163078308105
STA_A2,3.609025716781616
STA_A3,7.3526506423950195
STA_A4,7.3526506423950195
STA_A5,7.3526506423950195
STA_A6,7.3526506423950195
STA_B1,7.3526506423950195
STA_B2,7.3526506423950195
STA_B3,7.3526506423950195
STA_B4,7.3526506423950195
STA_B5,7.3526506423950195
STA_B6,7.3526506423950195
STA_B7,7.3526506423950195
STA_B8,7.3526506423950195
STA_B9,7.3526506423950195
STA_C1,7.3526506423950195
STA_C2,7.3526506423950195
STA_C3,7.3526506423950195
STA_C4,7.3526506423950195
STA_C5,7.3526506423950195
STA_C6,7.3526506423950195
STA_C7,7.3526506423950195
STA_C8,3.428086042404175
STA_C9,7.3526506423950195
STA_D1,4.980672836303711
STA_D2,4.980672836303711
STA_D3,4.980672836303711
STA_D4,4.980672836303711
STA_D5,4.980672836303711
STA_D6,4.980672836303711
STA_D7,4.980672836303711
STA_D8,4.980672836303711
STA_D9,4.980672836303711
STA_E1,7.3526506423950195
STA_E2,7.3526506423950195
STA_E3,7.3526506423950195
STA_E4,7.3526506423950195
STA_E5,7.3526506423950195
STA_F1,7.3526506423950195
STA_F2,7.3526506423950195
STA_F3,7.3526506423950195
STA_F4,7.3526506423950195
STA_F5,7.3526506423950195
STA_F6,7.3526506423950195
STA_F7,7.3526506423950195
STA_G1,7.3526506423950195
STA_G2,7.3526506423950195
STA_G3,7.3526506423950195
STA_G4,7.3526506423950195
STA_G5,7.3526506423950195
STA_G6,7.3526506423950195
STA_H1,7.3526506423950195
STA_H2,7.3526506423950195
STA_H3,7.3526506423950195
STA_H4,7.3526506423950195
STA_H5,7.3526506423950195
STA_H6,7.3526506423950195
STA_H7,7.3526506423950195
STA_H8,7.3526506423950195
STA_H9,7.3526506423950195
STA_H10,7.3526506423950195
STA_A1,6.757797718048096
STA_A2,6.757797718048096
STA_A3,6.757797718048096
STA_A4,6.757797718048096
STA_A5,6.757797718048096
STA_A6,6.757797718048096
STA_A7,6.757797718048096
STA_A8,6.757797718048096
STA_A9,6.757797718048096
STA_B1,7.3526506423950195
STA_B2,7.3526506423950195
STA_B3,7.3526506423950195
STA_B4,7.3526506423950195
STA_B5,7.3526506423950195
STA_B6,7.3526506423950195
STA_B7,7.3526506423950195
STA_B8,3.4232254028320312
STA_C1,7.3526506423950195
STA_C2,7.3526506423950195
STA_C3,7.3526506423950195
STA_C4,7.3526506423950195
STA_C5,7.3526506423950195
STA_D1,7.3526506423950195
STA_D2,7.3526506423950195
STA_D3,3.4232254028320312
STA_D4,7.3526506423950195
STA_D5,7.3526506423950195
STA_E1,7.3526506423950195
STA_E2,7.3526506423950195
STA_E3,7.3526506423950195
STA_E4,7.3526506423950195
STA_E5,7.3526506423950195
STA_E6,7.3526506423950195
STA_F1,7.3526506423950195
STA_F2,7.3526506423950195
STA_F3,7.3526506423950195
STA_F4,7.3526506423950195
STA_F5,7.3526506423950195
STA_F6,7.3526506423950195
STA_F7,7.3526506423950195
STA_F8,7.3526506423950195
STA_F9,7.3526506423950195
STA_F10,7.3526506423950195
STA_G1,7.3526506423950195
STA_G2,7.3526506423950195
STA_G3,7.3526506423950195
STA_G4,7.3526506423950195
STA_G5,7.3526506423950195
STA_G6,7.3526506423950195
STA_G7,7.3526506423950195
STA_G8,7.3526506423950195
STA_H1,7.3526506423950195
STA_H2,7.3526506423950195
STA_H3,7.3526506423950195
STA_H4,7.3526506423950195
STA_H5,7.3526506423950195
STA_H6,7.3526506423950195
STA_H7,7.3526506423950195
STA_H8,7.3526506423950195
STA_H9,7.3526506423950195
STA_H10,7.3526506423950195
STA_A1,6.757797718048096
STA_A2,6.757797718048096
STA_A3,6.757797718048096
STA_A4,6.757797718048096
STA_A5,6.757797718048096
STA_A6,6.757797718048096
STA_A7,6.757797718048096
STA_A8,6.757797718048096
STA_A9,6.757797718048096
STA_A10,6.757797718048096
STA_B1,7.3526506423950195
STA_B2,7.3526506423950195
STA_B3,7.3526506423950195
STA_B4,7.3526506423950195
STA_B5,7.3526506423950195
STA_B6,7.3526506423950195
STA_B7,7.3526506423950195
STA_B8,7.3526506423950195
STA_B9,7.3526506423950195
STA_B10,7.3526506423950195
STA_C1,7.3526506423950195
STA_C2,7.3526506423950195
STA_C3,7.3526506423950195
STA_C4,7.3526506423950195
STA_C5,7.3526506423950195
STA_C6,7.3526506423950195
STA_C7,7.3526506423950195
STA_C8,7.3526506423950195
STA_C9,7.3526506423950195
STA_C10,7.3526506423950195
STA_D1,7.3526506423950195
STA_D2,7.3526506423950195
STA_D3,7.3526506423950195
STA_D4,7.3526506423950195
STA_D5,7.3526506423950195
STA_E1,7.3526506423950195
STA_E2,7.3526506423950195
STA_E3,7.3526506423950195
STA_E4,7.3526506423950195
STA_E5,7.3526506423950195
STA_E6,7.3526506423950195
STA_F1,7.3526506423950195
STA_F2,7.3526506423950195
STA_F3,7.3526506423950195
STA_F4,7.3526506423950195
STA_F5,7.3526506423950195
STA_G1,7.3526506423950195
STA_G2,7.3526506423950195
STA_G3,7.3526506423950195
STA_H1,7.3526506423950195
STA_H2,7.3526506423950195
STA_H3,7.3526506423950195
STA_H4,7.3526506423950195
STA_H5,7.3526506423950195
STA_H6,7.3526506423950195
STA_A1,7.3526506423950195
STA_A2,7.3526506423950195
STA_A3,7.3526506423950195
STA_A4,7.3526506423950195
STA_A5,7.3526506423950195
STA_A6,7.229609966278076
STA_B1,7.3526506423950195
STA_B2,7.3526506423950195
STA_B3,7.3526506423950195
STA_B4,7.3526506423950195
STA_B5,7.3526506423950195
STA_B6,7.3526506423950195
STA_B7,7.3526506423950195
STA_B8,7.3526506423950195
STA_B9,7.3526506423950195
STA_C1,7.3526506423950195
STA_C2,7.3526506423950195
STA_C3,7.3526506423950195
STA_C4,7.3526506423950195
STA_C5,7.3526506423950195
STA_D1,6.757797718048096
STA_D2,6.757797718048096
STA_D3,6.757797718048096
STA_D4,6.757797718048096
STA_D5,6.757797718048096
STA_D6,6.757797718048096
STA_D7,6.757797718048096
STA_E1,7.3526506423950195
STA_E2,7.3526506423950195
STA_E3,7.3526506423950195
STA_E4,7.3526506423950195
STA_E5,7.3526506423950195
STA_E6,7.3526506423950195
STA_F1,7.3526506423950195
STA_F2,7.3526506423950195
STA_F3,7.3526506423950195
STA_F4,7.3526506423950195
STA_F5,7.3526506423950195
STA_F6,7.3526506423950195
STA_F7,7.3526506423950195
STA_F8,7.3526506423950195
STA_F9,7.3526506423950195
STA_G1,7.3526506423950195
STA_G2,7.3526506423950195
STA_G3,7.3526506423950195
STA_G4,7.3526506423950195
STA_G5,7.3526506423950195
STA_G6,7.3526506423950195
STA_G7,7.3526506423950195
STA_G8,7.3526506423950195
STA_H1,7.3526506423950195
STA_H2,7.3526506423950195
STA_H3,7.3526506423950195
STA_H4,7.3526506423950195
STA_H5,7.3526506423950195
STA_H6,7.3526506423950195
STA_H7,7.3526506423950195
STA_H8,7.3526506423950195
STA_A1,7.3526506423950195
STA_A2,7.3526506423950195
STA_A3,7.3526506423950195
STA_A4,7.3526506423950195
STA_A5,7.3526506423950195
STA_A6,7.3526506423950195
STA_A7,7.340470790863037
STA_A8,7.3526506423950195
STA_A9,7.3526506423950195
STA_B1,4.980672836303711
STA_B2,4.980672836303711
STA_B3,4.980672836303711
STA_B4,2.4368157386779785
STA_C1,4.980672836303711
STA_C2,4.980672836303711
STA_C3,4.980672836303711
STA_C4,4.980672836303711
STA_C5,4.980672836303711
STA_C6,4.980672836303711
STA_C7,4.980672836303711
STA_C8,4.980672836303711
STA_C9,4.980672836303711
STA_C10,4.980672836303711
STA_D1,7.3526506423950195
STA_D2,7.3526506423950195
STA_D3,7.3526506423950195
STA_D4,7.3526506423950195
STA_D5,7.3526506423950195
STA_D6,7.3526506423950195
STA_E1,7.3526506423950195
STA_E2,7.3526506423950195
STA_F1,7.3526506423950195
STA_F2,7.3526506423950195
STA_F3,7.3526506423950195
STA_F4,7.3526506423950195
STA_F5,7.3526506423950195
STA_F6,7.3526506423950195
STA_G1,7.3526506423950195
STA_G2,7.3526506423950195
STA_H1,7.3526506423950195
STA_H2,7.3526506423950195
STA_H3,7.3526506423950195
STA_H4,7.3526506423950195
STA_H5,7.3526506423950195
STA_H6,7.3526506423950195
STA_H7,7.3526506423950195
STA_H8,7.3526506423950195
STA_H9,7.3526506423950195
STA_H10,7.3526506423950195
STA_A1,7.3526506423950195
STA_A2,7.3526506423950195
STA_A3,3.428086042404175
STA_B1,7.3526506423950195
STA_B2,7.3526506423950195
STA_B3,7.3526506423950195
STA_B4,7.3526506423950195
STA_C1,7.3526506423950195
STA_C2,7.3526506423950195
STA_C3,1.4743056297302246
STA_C4,7.3526506423950195
STA_C5,7.3526506423950195
STA_D1,7.3526506423950195
STA_D2,7.3526506423950195
STA_D3,7.3526506423950195
STA_D4,7.3526506423950195
STA_E1,4.980672836303711
STA_E2,4.980672836303711
STA_E3,4.980672836303711
STA_E4,4.980672836303711
STA_F1,7.3526506423950195
STA_F2,7.3526506423950195
STA_F3,7.3526506423950195
STA_F4,7.3526506423950195
STA_F5,7.3526506423950195
STA_G1,4.980672836303711
STA_G2,4.980672836303711
STA_G3,4.980672836303711
STA_G4,4.980672836303711
STA_G5,4.980672836303711
STA_G6,4.980672836303711
STA_G7,4.980672836303711
STA_H1,7.3526506423950195
STA_H2,7.3526506423950195
STA_H3,7.3526506423950195
STA_H4,7.3526506423950195
STA_H5,7.3526506423950195
STA_H6,7.3526506423950195
STA_H7,7.3526506423950195
STA_H8,7.3526506423950195
STA_H9,7.3526506423950195
STA_H10,7.3526506423950195
STA_A1,7.3526506423950195
STA_A2,7.3526506423950195
STA_B1,4.980672836303711
STA_B2,4.980672836303711
STA_B3,4.980672836303711
STA_B4,4.980672836303711
STA_B5,4.980672836303711
STA_B6,4.980672836303711
STA_B7,4.980672836303711
STA_B8,4.980672836303711
STA_C1,7.3526506423950195
STA_C2,7.3526506423950195
STA_C3,7.3526506423950195
STA_D1,7.3526506423950195
STA_D2,7.3526506423950195
STA_E1,4.980672836303711
STA_E2,4.980672836303711
STA_E3,4.980672836303711
STA_E4,4.980672836303711
STA_E5,4.980672836303711
STA_E6,4.980672836303711
STA_E7,4.980672836303711
STA_F1,7.3526506423950195
STA_F2,7.3526506423950195
STA_F3,7.3526506423950195
STA_F4,7.3526506423950195
STA_F5,7.3526506423950195
STA_F6,7.3526506423950195
STA_F7,7.3526506423950195
STA_F8,7.3526506423950195
STA_F9,7.3526506423950195
STA_F10,7.3526506423950195
STA_G1,7.3526506423950195
STA_G2,7.3526506423950195
STA_H1,7.3526506423950195
STA_H2,7.3526506423950195
STA_H3,7.3526506423950195
STA_H4,7.3526506423950195
STA_H5,7.3526506423950195
STA_H6,7.3526506423950195
STA_H7,7.3526506423950195
STA_A1,7.3526506423950195
STA_A2,7.3526506423950195
STA_A3,7.3526506423950195
STA_A4,7.3526506423950195
STA_A5,7.3526506423950195
STA_A6,7.3526506423950195
STA_A7,7.3526506423950195
STA_B1,7.3526506423950195
STA_B2,3.489267587661743
STA_B3,7.3526506423950195
STA_B4,7.3526506423950195
STA_B5,7.3526506423950195
STA_B6,7.3526506423950195
STA_C1,4.980672836303711
STA_C2,4.980672836303711
STA_D1,7.3526506423950195
STA_D2,7.3526506423950195
STA_D3,7.3526506423950195
STA_D4,7.3526506423950195
STA_D5,7.3526506423950195
STA_E1,7.3526506423950195
STA_E2,7.3526506423950195
STA_E3,7.3526506423950195
STA_E4,7.3526506423950195
STA_E5,7.3526506423950195
STA_E6,7.3526506423950195
STA_E7,7.3526506423950195
STA_F1,7.3526506423950195
STA_F2,7.3526506423950195
STA_F3,7.3526506423950195
STA_F4,7.3526506423950195
STA_F5,7.3526506423950195
STA_F6,7.3526506423950195
STA_F7,7.3526506423950195
STA_F8,7.3526506423950195
STA_F9,7.3526506423950195
STA_G1,7.3526506423950195
STA_G2,7.3526506423950195
STA_G3,7.3526506423950195
STA_G4,7.3526506423950195
STA_G5,7.3526506423950195
STA_G6,7.3526506423950195
STA_H1,7.3526506423950195
STA_H2,7.3526506423950195
STA_H3,7.3526506423950195
STA_H4,7.3526506423950195
STA_H5,7.3526506423950195
STA_H6,7.3526506423950195
STA_H7,7.3526506423950195
STA_H8,7.3526506423950195
STA_A1,7.3526506423950195
STA_A2,3.603726625442505
STA_A3,7.3526506423950195
STA_B1,7.3526506423950195
STA_B2,7.3526506423950195
STA_B3,7.3526506423950195
STA_B4,7.3526506423950195
STA_B5,7.3526506423950195
STA_C1,7.3526506423950195
STA_C2,7.3526506423950195
STA_C3,7.3526506423950195
STA_C4,7.3526506423950195
STA_C5,7.3526506423950195
STA_C6,7.3526506423950195
STA_C7,7.3526506423950195
STA_C8,7.3526506423950195
STA_D1,7.3526506423950195
STA_D2,7.3526506423950195
STA_D3,7.3526506423950195
STA_D4,7.3526506423950195
STA_D5,7.3526506423950195
STA_D6,7.3526506423950195
STA_D7,7.3526506423950195
STA_D8,7.3526506423950195
STA_D9,7.3526506423950195
STA_D10,7.3526506423950195
STA_E1,7.3526506423950195
STA_E2,7.3526506423950195
STA_E3,7.3526506423950195
STA_E4,7.3526506423950195
STA_E5,7.3526506423950195
STA_F1,7.3526506423950195
STA_F2,7.3526506423950195
STA_G1,7.3526506423950195
STA_G2,7.3526506423950195
STA_G3,7.3526506423950195
STA_H1,7.3526506423950195
STA_H2,7.3526506423950195
STA_H3,7.3526506423950195
STA_H4,7.3526506423950195
STA_A1,7.3526506423950195
STA_A2,7.3526506423950195
STA_B1,4.980672836303711
STA_B2,4.980672836303711
STA_B3,4.980672836303711
STA_B4,4.980672836303711
STA_B5,4.980672836303711
STA_B6,4.980672836303711
STA_B7,4.980672836303711
STA_B8,4.980672836303711
STA_B9,4.980672836303711
STA_B10,4.980672836303711
STA_C1,7.3526506423950195
STA_C2,7.3526506423950195
STA_C3,7.3526506423950195
STA_D1,1.413468599319458
STA_D2,7.3526506423950195
STA_D3,7.3526506423950195
STA_D4,7.3526506423950195
STA_D5,7.3526506423950195
STA_D6,7.3526506423950195
STA_D7,7.3526506423950195
STA_D8,7.3526506423950195
STA_D9,7.3526506423950195
STA_E1,7.3526506423950195
STA_E2,7.3526506423950195
STA_E3,7.3526506423950195
STA_E4,7.3526506423950195
STA_E5,7.3526506423950195
STA_E6,7.3526506423950195
STA_E7,7.3526506423950195
STA_F1,7.3526506423950195
STA_F2,7.3526506423950195
STA_F3,7.3526506423950195
STA_F4,7.3526506423950195
STA_F5,7.3526506423950195
STA_G1,7.3526506423950195
STA_G2,7.3526506423950195
STA_G3,7.3526506423950195
STA_G4,7.3526506423950195
STA_G5,7.3526506423950195
STA_G6,7.3526506423950195
STA_G7,7.3526506423950195
STA_G8,7.3526506423950195
STA_G9,7.3526506423950195
STA_H1,7.3526506423950195
STA_H2,7.3526506423950195
STA_H3,7.3526506423950195
STA_H4,7.3526506423950195
STA_H5,7.3526506423950195
STA_A1,7.3526506423950195
STA_A2,7.3526506423950195
STA_A3,7.3526506423950195
STA_A4,7.3526506423950195
STA_A5,7.3526506423950195
STA_B1,7.3526506423950195
STA_B2,7.3526506423950195
STA_B3,7.3526506423950195
STA_B4,7.3526506423950195
STA_B5,7.3526506423950195
STA_B6,7.3526506423950195
STA_B7,7.3526506423950195
STA_B8,7.3526506423950195
STA_B9,7.3526506423950195
STA_B10,7.3526506423950195
STA_C1,4.980672836303711
STA_C2,4.980672836303711
STA_C3,4.980672836303711
STA_C4,4.980672836303711
STA_C5,4.980672836303711
STA_C6,4.980672836303711
STA_C7,4.980672836303711
STA_C8,4.980672836303711
STA_C9,4.980672836303711
STA_D1,7.3526506423950195
STA_D2,7.3526506423950195
STA_D3,7.3526506423950195
STA_E1,6.757797718048096
STA_E2,6.757797718048096
STA_E3,6.757797718048096
STA_E4,6.757797718048096
STA_F1,7.3526506423950195
STA_F2,7.3526506423950195
STA_F3,7.3526506423950195
STA_F4,7.3526506423950195
STA_G1,4.980672836303711
STA_G2,4.980672836303711
STA_G3,4.980672836303711
STA_G4,4.980672836303711
STA_H1,7.3526506423950195
STA_H2,7.3526506423950195
STA_H3,7.3526506423950195
STA_H4,7.3526506423950195
STA_H5,7.3526506423950195
STA_H6,7.3526506423950195
STA_H7,7.3526506423950195
STA_A1,6.757797718048096
STA_A2,6.757797718048096
STA_A3,3.712862014770508
STA_A4,6.757797718048096
STA_A5,6.757797718048096
STA_A6,6.757797718048096
STA_B1,7.3526506423950195
STA_B2,3.387230396270752
STA_B3,3.8524770736694336
STA_B4,7.3526506423950195
STA_B5,7.3526506423950195
STA_B6,7.3526506423950195
STA_B7,7.3526506423950195
STA_B8,7.3526506423950195
STA_B9,7.3526506423950195
STA_C1,7.3526506423950195
STA_C2,7.3526506423950195
STA_D1,7.3526506423950195
STA_D2,7.3526506423950195
STA_D3,7.3526506423950195
STA_D4,7.3526506423950195
STA_D5,3.602924108505249
STA_D6,7.3526506423950195
STA_D7,7.3526506423950195
STA_D8,7.3526506423950195
STA_E1,7.3526506423950195
STA_E2,7.3526506423950195
STA_E3,7.398647308349609
STA_E4,7.3526506423950195
STA_E5,7.3526506423950195
STA_E6,7.3526506423950195
STA_E7,7.3526506423950195
STA_E8,7.3526506423950195
STA_E9,7.3526506423950195
STA_F1,7.3526506423950195
STA_F2,7.3526506423950195
STA_F3,7.3526506423950195
STA_G1,7.3526506423950195
STA_G2,7.3526506423950195
STA_G3,7.3526506423950195
STA_G4,7.3526506423950195
STA_G5,7.3526506423950195
STA_G6,7.3526506423950195
STA_H1,7.3526506423950195
STA_H2,7.3526506423950195
STA_H3,7.3526506423950195
STA_H4,7.3526506423950195
STA_H5,7.3526506423950195
STA_H6,7.3526506423950195
STA_H7,7.3526506423950195
STA_H8,7.3526506423950195
STA_H9,7.3526506423950195
STA_A1,7.3526506423950195
STA_A2,7.3526506423950195
STA_B1,7.3526506423950195
STA_B2,7.3526506423950195
STA_B3,7.3526506423950195
STA_B4,7.3526506423950195
STA_B5,7.3526506423950195
STA_B6,7.3526506423950195
STA_B7,3.6763784885406494
STA_B8,7.3526506423950195
STA_B9,7.3526506423950195
STA_C1,7.3526506423950195
STA_C2,7.3526506423950195
STA_C3,7.3526506423950195
STA_C4,7.3526506423950195
STA_C5,7.3526506423950195
STA_C6,7.3526506423950195
STA_C7,7.3526506423950195
STA_D1,6.757797718048096
STA_D2,6.757797718048096
STA_D3,6.757797718048096
STA_D4,6.757797718048096
STA_D5,6.757797718048096
STA_D6,6.757797718048096
STA_D7,6.757797718048096
STA_D8,6.757797718048096
STA_D9,6.757797718048096
STA_E1,7.3526506423950195
STA_E2,7.3526506423950195
STA_E3,7.3526506423950195
STA_F1,7.3526506423950195
STA_F2,7.3526506423950195
STA_F3,7.3526506423950195
STA_G1,7.3526506423950195
STA_G2,7.3526506423950195
STA_G3,7.3526506423950195
STA_H1,4.980672836303711
STA_H2,4.980672836303711
STA_H3,4.980672836303711
STA_H4,4.980672836303711
STA_H5,4.980672836303711
STA_H6,4.980672836303711
STA_H7,4.980672836303711
STA_A1,4.980672836303711
STA_A2,4.980672836303711
STA_A3,4.980672836303711
STA_A4,4.980672836303711
STA_A5,-1.1627823114395142
STA_A6,1.4566702842712402
STA_A7,4.980672836303711
STA_B1,0.5996509194374084
STA_B2,7.3526506423950195
STA_B3,7.3526506423950195
STA_B4,7.3526506423950195
STA_B5,7.3526506423950195
STA_B6,7.3526506423950195
STA_B7,7.3526506423950195
STA_B8,7.3526506423950195
STA_B9,7.3526506423950195
STA_C1,1.4113235473632812
STA_C2,4.980672836303711
STA_C3,4.980672836303711
STA_C4,4.980672836303711
STA_C5,4.980672836303711
STA_D1,4.980672836303711
STA_D2,4.980672836303711
STA_D3,1.4122302532196045
STA_D4,1.5726925134658813
STA_D5,4.980672836303711
STA_D6,4.980672836303711
STA_D7,4.980672836303711
STA_D8,1.4735987186431885
STA_E1,7.3526506423950195
STA_E2,7.3526506423950195
STA_E3,7.3526506423950195
STA_F1,7.3526506423950195
STA_F2,7.3526506423950195
STA_F3,7.3526506423950195
STA_G1,7.3526506423950195
STA_G2,7.3526506423950195
STA_G3,7.3526506423950195
STA_H1,7.3526506423950195
STA_H2,7.3526506423950195
STA_H3,7.3526506423950195
STA_H4,7.3526506423950195
AP_A,9
AP_B,2
AP_C,6
AP_D,2
AP_E,10
AP_F,9
AP_G,5
AP_H,10
AP_A,4
AP_B,6
AP_C,3
AP_D,4
AP_E,2
AP_F,9
AP_G,9
AP_H,6
AP_A,10
AP_B,4
AP_C,6
AP_D,5
AP_E,7
AP_F,6
AP_G,5
AP_H,6
AP_A,4
AP_B,8
AP_C,4
AP_D,9
AP_E,2
AP_F,8
AP_G,10
AP_H,6
AP_A,2
AP_B,9
AP_C,3
AP_D,3
AP_E,7
AP_F,10
AP_G,10
AP_H,10
AP_A,3
AP_B,5
AP_C,4
AP_D,8
AP_E,2
AP_F,7
AP_G,7
AP_H,3
AP_A,7
AP_B,5
AP_C,9
AP_D,4
AP_E,3
AP_F,3
AP_G,5
AP_H,2
AP_A,3
AP_B,2
AP_C,9
AP_D,8
AP_E,8
AP_F,8
AP_G,8
AP_H,4
AP_A,4
AP_B,10
AP_C,10
AP_D,6
AP_E,2
AP_F,5
AP_G,3
AP_H,3
AP_A,5
AP_B,3
AP_C,5
AP_D,3
AP_E,4
AP_F,10
AP_G,3
AP_H,2
AP_A,5
AP_B,5
AP_C,9
AP_D,4
AP_E,2
AP_F,7
AP_G,10
AP_H,7
AP_A,5
AP_B,7
AP_C,10
AP_D,7
AP_E,5
AP_F,5
AP_G,9
AP_H,5
AP_A,7
AP_B,10
AP_C,10
AP_D,5
AP_E,10
AP_F,3
AP_G,8
AP_H,8
AP_A,7
AP_B,6
AP_C,2
AP_D,3
AP_E,4
AP_F,5
AP_G,2
AP_H,3
AP_A,9
AP_B,4
AP_C,6
AP_D,8
AP_E,4
AP_F,5
AP_G,6
AP_H,10
AP_A,7
AP_B,8
AP_C,6
AP_D,5
AP_E,4
AP_F,9
AP_G,8
AP_H,6
AP_A,2
AP_B,10
AP_C,2
AP_D,3
AP_E,4
AP_F,10
AP_G,5
AP_H,5
AP_A,2
AP_B,5
AP_C,8
AP_D,5
AP_E,6
AP_F,5
AP_G,9
AP_H,8
AP_A,2
AP_B,10
AP_C,6
AP_D,7
AP_E,5
AP_F,2
AP_G,5
AP_H,2
AP_A,6
AP_B,10
AP_C,9
AP_D,8
AP_E,4
AP_F,10
AP_G,6
AP_H,7
AP_A,9
AP_B,6
AP_C,6
AP_D,10
AP_E,3
AP_F,10
AP_G,8
AP_H,2
AP_A,5
AP_B,3
AP_C,8
AP_D,10
AP_E,7
AP_F,10
AP_G,2
AP_H,6
AP_A,7
AP_B,4
AP_C,6
AP_D,2
AP_E,10
AP_F,8
AP_G,10
AP_H,7
AP_A,7
AP_B,5
AP_C,5
AP_D,9
AP_E,7
AP_F,4
AP_G,9
AP_H,9
AP_A,9
AP_B,3
AP_C,9
AP_D,9
AP_E,8
AP_F,5
AP_G,3
AP_H,3
AP_A,6
AP_B,4
AP_C,2
AP_D,2
AP_E,4
AP_F,8
AP_G,3
AP_H,4
AP_A,5
AP_B,4
AP_C,2
AP_D,2
AP_E,5
AP_F,6
AP_G,4
AP_H,5
AP_A,9
AP_B,2
AP_C,4
AP_D,4
AP_E,9
AP_F,5
AP_G,9
AP_H,8
AP_A,4
AP_B,8
AP_C,9
AP_D,5
AP_E,3
AP_F,6
AP_G,9
AP_H,8
AP_A,4
AP_B,6
AP_C,4
AP_D,2
AP_E,8
AP_F,4
AP_G,4
AP_H,6
AP_A,4
AP_B,9
AP_C,6
AP_D,5
AP_E,9
AP_F,10
AP_G,5
AP_H,4
AP_A,5
AP_B,6
AP_C,2
AP_D,6
AP_E,2
AP_F,9
AP_G,9
AP_H,7
AP_A,7
AP_B,6
AP_C,9
AP_D,2
AP_E,2
AP_F,9
AP_G,4
AP_H,5
AP_A,9
AP_B,4
AP_C,6
AP_D,4
AP_E,6
AP_F,2
AP_G,4
AP_H,8
AP_A,5
AP_B,8
AP_C,9
AP_D,5
AP_E,5
AP_F,10
AP_G,8
AP_H,3
AP_A,9
AP_B,10
AP_C,5
AP_D,10
AP_E,5
AP_F,8
AP_G,7
AP_H,9
AP_A,6
AP_B,9
AP_C,9
AP_D,9
AP_E,5
AP_F,7
AP_G,6
AP_H,10
AP_A,9
AP_B,8
AP_C,5
AP_D,5
AP_E,6
AP_F,10
AP_G,8
AP_H,10
AP_A,10
AP_B,10
AP_C,10
AP_D,5
AP_E,6
AP_F,5
AP_G,3
AP_H,6
AP_A,6
AP_B,9
AP_C,5
AP_D,7
AP_E,6
AP_F,9
AP_G,8
AP_H,8
AP_A,9
AP_B,4
AP_C,10
AP_D,6
AP_E,2
AP_F,6
AP_G,2
AP_H,10
AP_A,3
AP_B,4
AP_C,5
AP_D,4
AP_E,4
AP_F,5
AP_G,7
AP_H,10
AP_A,2
AP_B,8
AP_C,3
AP_D,2
AP_E,7
AP_F,10
AP_G,2
AP_H,7
AP_A,7
AP_B,6
AP_C,2
AP_D,5
AP_E,7
AP_F,9
AP_G,6
AP_H,8
AP_A,3
AP_B,5
AP_C,8
AP_D,10
AP_E,5
AP_F,2
AP_G,3
AP_H,4
AP_A,2
AP_B,10
AP_C,3
AP_D,9
AP_E,7
AP_F,5
AP_G,9
AP_H,5
AP_A,5
AP_B,10
AP_C,9
AP_D,3
AP_E,4
AP_F,4
AP_G,4
AP_H,7
AP_A,6
AP_B,9
AP_C,2
AP_D,8
AP_E,9
AP_F,3
AP_G,6
AP_H,9
AP_A,2
AP_B,9
AP_C,7
AP_D,9
AP_E,3
AP_F,3
AP_G,3
AP_H,7
AP_A,7
AP_B,9
AP_C,5
AP_D,8
AP_E,3
AP_F,3
AP_G,3
AP_H,4
