node_code,predictions
STA_A1,25.168011514841393
STA_A2,23.28898831456844
STA_A3,27.248249415119204
STA_B1,14.457803423177525
STA_B2,5.22663783691572
STA_B3,5.984907881269186
STA_B4,6.005669566700783
STA_B5,9.711207096554077
STA_B6,9.693549129989764
STA_B7,8.186559194814057
STA_B8,8.252269532582732
STA_B9,13.492034524215695
STA_C1,18.338014158990106
STA_C2,16.926387922210843
STA_C3,20.33216769020809
STA_C4,18.243566359604205
STA_D1,25.791822220597545
STA_D2,23.95977891504604
STA_D3,23.563335892186995
STA_D4,23.3537291026953
STA_A1,19.82410676512161
STA_A2,27.305474021543144
STA_A3,24.281901691280403
STA_A4,14.298807891017196
STA_A5,17.046603182726503
STA_B1,15.822265267826683
STA_B2,16.253672783545376
STA_B3,15.972674684408052
STA_B4,13.309390139883998
STA_B5,17.399277550324122
STA_C1,10.536555100648252
STA_C2,8.630904469464348
STA_C3,11.107197665350682
STA_C4,12.335563946970803
STA_C5,9.541063288979874
STA_C6,8.868522859092467
STA_C7,13.27799948822927
STA_C8,14.100734220402606
STA_C9,9.411155578300917
STA_D1,19.544217088268255
STA_D2,20.041115148413493
STA_D3,20.78252010527855
STA_D4,21.409944046400533
STA_D5,13.640944216990777
STA_D6,12.728074889116339
STA_A1,10.101149607642444
STA_A2,9.124532655846382
STA_A3,10.911091265779596
STA_A4,10.13942362431156
STA_A5,11.332134863771513
STA_A6,10.599253545840043
STA_A7,9.624924599112937
STA_A8,8.667762197202322
STA_A9,9.604810303650625
STA_A10,10.541832407272018
STA_B1,8.289709655407712
STA_B2,8.576055783009204
STA_B3,15.359590242238152
STA_B4,9.282090583418622
STA_B5,10.347972876151488
STA_B6,12.58678023102793
STA_B7,9.039207608324807
STA_B8,9.20673814397818
STA_C1,21.555207023443977
STA_C2,18.68487939269873
STA_C3,21.97368318955013
STA_D1,19.810625627528403
STA_D2,21.883097443583377
STA_D3,20.286071867232042
STA_D4,20.798295681629874
STA_D5,20.422568626017448
STA_D6,21.868821940342166
STA_A1,22.870062387288606
STA_A2,20.273050445971606
STA_A3,13.645994516742217
STA_A4,16.69467926597454
STA_A5,29.723305770824147
STA_B1,16.90489969293755
STA_B2,20.38395394063459
STA_B3,18.708153531218016
STA_B4,20.36102610030707
STA_B5,20.00262794268169
STA_C1,13.010969123166158
STA_C2,10.980279597407021
STA_C3,22.747974240873436
STA_C4,23.998128283862194
STA_D1,10.670560900716469
STA_D2,11.299891334015681
STA_D3,11.355651825315583
STA_D4,11.991472096310371
STA_D5,11.53297414339328
STA_D6,11.739127772091427
STA_D7,12.646279158746397
STA_D8,11.99408970166645
STA_A1,19.538896451722987
STA_A2,22.766842374616207
STA_A3,16.814904640054582
STA_B1,15.086316956670084
STA_B2,17.529461787785724
STA_C1,19.934831286250407
STA_C2,21.74697202320029
STA_C3,14.150162206950327
STA_C4,18.742077789150464
STA_D1,14.207313715455472
STA_D2,16.890511429546233
STA_D3,24.274786250426487
STA_A1,17.152704025929697
STA_A2,16.62851876492664
STA_A3,26.797588195155242
STA_A4,25.846308232197693
STA_B1,11.296624945167423
STA_B2,11.096128438205724
STA_B3,8.457206925963844
STA_B4,11.440190451820442
STA_B5,11.00656302090951
STA_B6,12.63469798216112
STA_B7,8.457944972461862
STA_B8,11.04690084645254
STA_B9,8.384283862163093
STA_B10,12.076753034069299
STA_C1,10.889005361407616
STA_C2,10.00233162743091
STA_C3,9.070285397475269
STA_C4,10.23131286250426
STA_C5,7.948935175707948
STA_C6,9.426110883657454
STA_C7,7.9204771409075425
STA_C8,6.749850221767313
STA_C9,7.6092700443534635
STA_C10,13.258331814267834
STA_D1,18.82834349563775
STA_D2,16.79868226348879
STA_D3,18.05723370863188
STA_D4,12.646136301603555
STA_D5,20.733059170444015
STA_D6,13.771817639031045
STA_A1,17.54721926532471
STA_A2,20.492224094653228
STA_A3,18.56547916362039
STA_A4,13.44983043329921
STA_A5,17.988660387321122
STA_A6,21.838743091095186
STA_B1,8.050945411122491
STA_B2,7.756165472534974
STA_B3,6.192665301944723
STA_B4,7.14130893892869
STA_B5,16.02163163880359
STA_B6,8.416843909928359
STA_B7,7.836670590242241
STA_B8,10.18993449334699
STA_B9,7.6134141931081665
STA_B10,6.4047516206073025
STA_C1,11.302853974752642
STA_C2,16.562845445240537
STA_C3,8.570578642101665
STA_C4,9.091795291709316
STA_C5,7.572179972705559
STA_C6,11.55305902422381
STA_C7,7.835654213578976
STA_D1,10.187477425224609
STA_D2,11.429675781059597
STA_D3,13.51386014037141
STA_D4,10.983957181849197
STA_D5,10.829687892966824
STA_D6,9.63935158648925
STA_D7,12.342469594320168
STA_D8,13.673966734902777
STA_D9,10.50753043817323
STA_D10,10.939513476629141
STA_A1,14.659844933469788
STA_A2,15.165710337768653
STA_A3,14.628366427840303
STA_A4,14.030565336062791
STA_A5,17.444637723188926
STA_A6,13.596299897645869
STA_B1,17.890946946434664
STA_B2,14.801646366427843
STA_B3,16.903550665301935
STA_B4,17.95259024223813
STA_B5,14.721248720573183
STA_B6,20.265481405663603
STA_C1,23.567326850904134
STA_C2,15.819885533947446
STA_D1,15.32880433299216
STA_D2,17.26033630647756
STA_D3,17.211227469903008
STA_D4,12.715506612402715
STA_D5,14.42493814885217
STA_D6,13.440531156720013
STA_D7,15.658158644494389
STA_A1,14.586918884339786
STA_A2,25.502491507042897
STA_A3,28.966306977140917
STA_A4,26.207198055271245
STA_A5,25.758624396841597
STA_A6,14.950520982599787
STA_B1,16.691126041818983
STA_B2,16.240482234244784
STA_B3,23.721114441682516
STA_B4,14.975429692450176
STA_B5,25.04101396402986
STA_C1,7.2178162743091026
STA_C2,6.534919993176392
STA_C3,10.0942973387922
STA_C4,9.883406004776509
STA_C5,7.905228249744115
STA_C6,9.344016888433973
STA_C7,6.850790856363018
STA_C8,15.619067569982597
STA_C9,9.792751450017056
STA_C10,10.548552882975093
STA_D1,12.37050742842963
STA_D2,11.837088097675105
STA_D3,13.735500682360964
STA_D4,12.734047565876622
STA_D5,12.944097236438072
STA_D6,16.546763220743767
STA_D7,12.954719862021289
STA_D8,14.81179887410441
STA_A1,29.14857418238536
STA_A2,24.197862626114965
STA_A3,11.94022327825706
STA_A4,16.309722449675846
STA_A5,29.14400270507386
STA_B1,16.050153360627785
STA_B2,11.422897304674182
STA_B3,6.740998976458541
STA_B4,15.170650119413185
STA_B5,18.258681337427483
STA_B6,6.909485329239155
STA_B7,9.081678096212901
STA_C1,15.360801603548271
STA_C2,21.658114977823264
STA_D1,23.47200648242923
STA_D2,19.644982770385536
STA_D3,23.004724155578312
STA_D4,16.91535653360627
STA_D5,23.613951040600526
STA_A1,9.962385363357235
STA_A2,9.744241433932842
STA_A3,11.719206048642599
STA_A4,12.169605912170406
STA_A5,12.183366232880052
STA_A6,11.87994316907931
STA_A7,10.0324870351416
STA_A8,10.926080616074485
STA_A9,11.2268909197251
STA_B1,9.654037188672802
STA_B2,9.029188502217675
STA_B3,13.432146998017892
STA_B4,13.270527584848313
STA_B5,12.476246159688726
STA_B6,13.391269993582556
STA_B7,12.728494539081412
STA_B8,13.176330382528297
STA_B9,10.4913313573297
STA_C1,11.396854242823013
STA_C2,11.491724967912807
STA_C3,11.71067262107846
STA_C4,8.833853804162416
STA_C5,11.249057903202223
STA_C6,10.932056611590399
STA_C7,10.12060396256762
STA_C8,8.373751450017064
STA_C9,13.117708973046744
STA_C10,13.27983708631866
STA_D1,31.55765301944727
STA_D2,23.496063800750616
STA_D3,21.224876760735
STA_D4,23.93664166301118
STA_D5,33.03105566115903
STA_A1,16.473550153531207
STA_A2,17.419455475946776
STA_A3,14.39773865574889
STA_A4,5.761573524394399
STA_A5,16.83556908904813
STA_A6,16.27137291026952
STA_A7,19.185180825656765
STA_A8,5.626083077447967
STA_B1,11.57950426475607
STA_B2,8.141855315104545
STA_B3,9.57871918409124
STA_B4,9.33995291709315
STA_C1,17.69663391334015
STA_C2,21.8539353462982
STA_C3,13.411963834868654
STA_C4,12.15651757079496
STA_D1,31.011554491397394
STA_D2,18.5074471170249
STA_A1,9.523735999415138
STA_A2,10.223155919481403
STA_A3,11.386731588438858
STA_A4,9.772920456207043
STA_A5,11.384235853194918
STA_A6,9.844773358678168
STA_A7,10.693835307306138
STA_A8,10.843682239118788
STA_A9,11.450780036067655
STA_A10,9.40441197543501
STA_B1,16.839403787103386
STA_B2,18.96716069600819
STA_B3,16.972316444899356
STA_B4,12.108062094848187
STA_B5,14.006472876151497
STA_C1,8.506978505629483
STA_C2,12.33285202514987
STA_C3,11.549607739922982
STA_C4,11.209479114880335
STA_C5,9.48485217137008
STA_C6,9.733197031729777
STA_C7,10.479284520154014
STA_C8,10.374267314909606
STA_C9,9.74931763903104
STA_C10,10.524156772432622
STA_D1,14.90125590364086
STA_D2,16.002020610956762
STA_D3,14.945413891252034
STA_D4,12.419512309636792
STA_D5,13.756467301506072
STA_D6,14.179035858475087
STA_D7,15.107097547156016
STA_D8,14.325362370229554
STA_A1,23.1939656626213
STA_A2,32.91243076473169
STA_A3,32.98308668421305
STA_A4,25.49200765219089
STA_A5,29.153556660330423
STA_B1,11.587369498464696
STA_B2,23.47493719842083
STA_C1,11.994367621972028
STA_C2,13.751031662767467
STA_C3,17.234357319539875
STA_C4,11.11324257932446
STA_C5,16.949633675732304
STA_C6,11.55589645172296
STA_C7,17.274337189891284
STA_D1,12.129360018521218
STA_D2,17.429223546327435
STA_D3,14.225176902081207
STA_D4,14.042357727737977
STA_D5,10.33644848174685
STA_D6,16.568135278062098
STA_D7,17.322924501632798
STA_A1,37.419453501973955
STA_A2,16.503104206267977
STA_A3,29.010431057172124
STA_B1,12.487416215821021
STA_B2,10.090158064044465
STA_B3,8.456170419651997
STA_B4,11.933603133986445
STA_B5,11.157764536725628
STA_B6,12.329304820392835
STA_B7,9.176505288297514
STA_B8,11.802946069113405
STA_B9,11.930481527513775
STA_C1,10.000786835307297
STA_C2,13.122264780425974
STA_C3,10.138531802895153
STA_C4,10.533009114392943
STA_C5,10.200028220500078
STA_C6,12.559327118974515
STA_C7,7.840542476970324
STA_C8,8.137155748891168
STA_C9,11.256706909717142
STA_C10,9.5237221084954
STA_D1,14.285731076668135
STA_D2,9.70693790515182
STA_D3,13.932012891748307
STA_D4,11.241174270117444
STA_D5,13.619586489252816
STA_D6,10.738526538967673
STA_D7,11.915238996929368
STA_D8,10.83325905346786
STA_D9,10.450770994784818
STA_A1,13.171370936296727
STA_A2,10.921949407808173
STA_A3,8.84658434468979
STA_A4,7.245054418287278
STA_A5,18.493987863722758
STA_A6,17.39781242384364
STA_A7,11.268186016474157
STA_A8,9.769818735682618
STA_A9,13.637688745918014
STA_A10,14.37568489545255
STA_B1,9.7709309109519
STA_B2,12.863001827752603
STA_B3,10.745356363016038
STA_B4,13.976520592679245
STA_B5,10.217274991470491
STA_B6,12.577132719208466
STA_B7,12.956502217673169
STA_B8,9.207277891504607
STA_C1,29.265648291660554
STA_C2,14.243412487205731
STA_C3,21.53050287566411
STA_D1,16.486909897889543
STA_D2,10.943352168046873
STA_D3,12.529601074718517
STA_D4,15.760256281376423
STA_D5,13.607600276599907
STA_D6,15.085852920748634
STA_D7,13.57191670599103
STA_D8,14.74559301432956
STA_A1,17.049728079153873
STA_A2,17.795445606082772
STA_A3,16.783361310133042
STA_A4,15.56796537018083
STA_B1,16.79938126919138
STA_B2,10.962992664619584
STA_B3,13.834363186625724
STA_B4,16.88905032412143
STA_B5,14.01826765609007
STA_B6,14.389990788126926
STA_C1,16.778222766486316
STA_C2,18.040413413267032
STA_D1,25.119444436321142
STA_D2,21.69789079787492
STA_D3,27.050703514159032
STA_A1,10.136217575668962
STA_A2,7.543719379051526
STA_A3,11.081630599015439
STA_A4,9.198297241312092
STA_A5,11.41440249549155
STA_A6,10.731954265568389
STA_A7,11.694562850319256
STA_A8,12.358845396500442
STA_A9,10.32736396646683
STA_A10,11.300873592630513
STA_B1,5.6522939269873715
STA_B2,6.0208891163425395
STA_B3,7.239354827703848
STA_B4,14.63883498237235
STA_B5,7.337285397475253
STA_B6,8.711043159331284
STA_B7,15.81672887524167
STA_B8,16.822565742230015
STA_C1,23.672584929570633
STA_C2,14.081520129648588
STA_D1,41.14585139152896
STA_D2,34.28626811912075
STA_D3,33.14469725106014
STA_A1,16.004983793926982
STA_A2,13.104307233026285
STA_A3,12.997380075059707
STA_A4,15.836753497099963
STA_A5,12.191073012623677
STA_A6,14.619019617877873
STA_A7,15.877947628795638
STA_A8,14.983542647560556
STA_B1,18.778082395087
STA_B2,16.52725827362676
STA_B3,12.214377857386573
STA_B4,14.939787273967928
STA_B5,18.07839747526439
STA_B6,13.03177601501194
STA_C1,22.37028130330948
STA_C2,17.96536113954284
STA_D1,18.44165830774482
STA_D2,17.787442023687664
STA_D3,16.138589901057653
STA_D4,28.205790003411835
STA_D5,27.324438928693283
STA_D6,15.004591948140563
STA_A1,13.904228493444458
STA_A2,13.202295829724699
STA_A3,11.517908394914548
STA_A4,14.064017132134328
STA_A5,11.0058696446849
STA_A6,12.44278949351571
STA_A7,13.239388230897962
STA_A8,12.675809623164284
STA_A9,9.031767485499827
STA_B1,15.889233684261823
STA_B2,23.51490208120097
STA_B3,19.522297338792242
STA_C1,12.983832242774298
STA_C2,14.934632311010375
STA_C3,14.023592563483948
STA_C4,15.2261804174587
STA_C5,14.80702228030413
STA_C6,17.069156534824756
STA_C7,11.919636627275832
STA_D1,14.895166666666665
STA_D2,12.61402845201538
STA_D3,9.059038212214256
STA_D4,10.280217405078721
STA_D5,20.11643295803481
STA_D6,9.117888433981566
STA_D7,9.556441828727394
STA_D8,20.540692425793257
STA_D9,11.168251279426796
STA_A1,23.973861566018464
STA_A2,30.011016888433986
STA_A3,28.673095359945414
STA_A4,28.84792801091779
STA_B1,7.163018082565669
STA_B2,9.659106448311162
STA_B3,9.601164960764248
STA_B4,6.518873422040254
STA_B5,7.646039235755706
STA_B6,8.92520112589561
STA_B7,6.356277550324113
STA_B8,6.659823780279765
STA_C1,6.373424599112928
STA_C2,13.31407064060698
STA_C3,16.514419156471856
STA_C4,7.140161548959401
STA_C5,15.56967367711327
STA_C6,7.586428693278747
STA_C7,9.699691572842033
STA_C8,10.397138178096226
STA_C9,15.81093740962777
STA_C10,9.876515523712046
STA_D1,18.396756324023983
STA_D2,28.405614124872077
STA_D3,20.162433591655716
STA_D4,17.96381944241359
STA_D5,12.9849088804406
STA_D6,11.172154725349722
STA_A1,8.84933623336745
STA_A2,10.93517695082127
STA_A3,9.95437785738656
STA_A4,9.372614880343125
STA_A5,11.260570770580491
STA_A6,10.760676853341137
STA_A7,10.270298021153188
STA_A8,10.559090997709218
STA_A9,9.84903770044354
STA_A10,9.488002631963733
STA_B1,9.04935005117707
STA_B2,13.099612613929901
STA_B3,9.134745820539063
STA_B4,9.321238826339139
STA_B5,12.18693981413788
STA_B6,10.903415338499782
STA_B7,8.900822927328548
STA_B8,9.494962640736949
STA_B9,9.714902934152153
STA_C1,11.467022501665284
STA_C2,10.270210240288542
STA_C3,11.94263065587887
STA_C4,9.62431105912172
STA_C5,13.226094701954466
STA_C6,9.922041453428857
STA_C7,11.30846646683238
STA_C8,13.093506311838961
STA_C9,13.261584466539938
STA_C10,11.951886711832476
STA_D1,20.666257761856038
STA_D2,11.989877942681662
STA_D3,16.943435346298184
STA_D4,20.596648584101
STA_D5,11.85091257250083
STA_D6,13.257609348345266
STA_D7,13.727845957011231
STA_D8,9.681215577326128
STA_D9,9.520019276697377
STA_A1,10.677109819499284
STA_A2,11.585031429221294
STA_A3,7.121405493005799
STA_A4,10.838024207567697
STA_A5,11.989790174002062
STA_A6,12.295514573280675
STA_A7,12.159722449675895
STA_A8,12.413914924209182
STA_A9,7.421387581030369
STA_A10,11.810953558837383
STA_B1,15.554128600672605
STA_B2,18.571368279962975
STA_B3,10.128842374616184
STA_C1,26.47919337622461
STA_C2,19.512318491982263
STA_D1,27.335273967929055
STA_D2,25.208389944923713
STA_D3,28.11968160549788
STA_A1,21.768377004435376
STA_A2,12.14030772042696
STA_A3,13.68656599405372
STA_A4,12.289249890334842
STA_A5,11.158773090607786
STA_A6,20.48375776185604
STA_A7,19.39582250085296
STA_A8,18.379951552371214
STA_B1,24.36510403567775
STA_B2,11.860632694838431
STA_B3,13.849495540283673
STA_B4,13.584686601354969
STA_C1,13.224111809718769
STA_C2,13.74759411707365
STA_C3,9.613807062436024
STA_C4,13.587980503972318
STA_C5,13.344010357264704
STA_C6,10.422780620948492
STA_C7,15.929864551347674
STA_C8,11.74071825802992
STA_D1,17.718618389628116
STA_D2,19.564067261295534
STA_D3,17.837009382463314
STA_D4,25.51236135887317
STA_D5,24.519070258809776
STA_A1,15.980771494370494
STA_A2,20.340284093678402
STA_B1,29.31970387970952
STA_B2,19.352835258566053
STA_C1,11.126703075498375
STA_C2,14.567842902633572
STA_C3,7.875484988058682
STA_C4,15.946615773911049
STA_C5,7.826725349709997
STA_C6,10.376043573621876
STA_C7,15.098303496287608
STA_C8,8.194815250767654
STA_C9,12.273221101200637
STA_C10,8.397189525759135
STA_D1,9.88424487010771
STA_D2,8.701497782326872
STA_D3,11.243957620509825
STA_D4,10.51469379051519
STA_D5,12.117036092021234
STA_D6,10.012850294877424
STA_D7,10.04455748891163
STA_D8,10.250999902519867
STA_D9,12.17115652873226
STA_D10,9.428452575912667
STA_A1,16.803560957579883
STA_A2,13.505807119299455
STA_A3,17.238445240532254
STA_A4,15.832556181053105
STA_A5,14.041813033094504
STA_A6,17.31653002388265
STA_A7,8.973340327533272
STA_B1,13.738984029503992
STA_B2,16.46234163539179
STA_B3,6.457038723984976
STA_B4,10.292333162743091
STA_B5,8.544622313203691
STA_B6,16.68959359717958
STA_B7,7.308548447628783
STA_B8,6.429675707949497
STA_B9,6.754035823950861
STA_C1,19.640399863527815
STA_C2,13.806745138178105
STA_C3,14.452685772773783
STA_C4,11.701473729102704
STA_C5,16.149149948822917
STA_D1,21.73522106058392
STA_D2,23.073139372227942
STA_D3,16.799991641078126
STA_D4,22.552777915874668
STA_D5,30.093911293074065
STA_A1,17.136490503809863
STA_A2,16.520261003070633
STA_A3,19.541801920358722
STA_A4,16.245383828045046
STA_A5,19.65607045377003
STA_A6,20.10036631411354
STA_B1,13.755125091387631
STA_B2,10.400283862163091
STA_B3,8.268752644148758
STA_B4,7.689010235414534
STA_B5,8.33296792903446
STA_B6,8.485120436711016
STA_B7,12.053133312212655
STA_B8,8.054568236096895
STA_B9,8.945485670419654
STA_C1,12.684490154506017
STA_C2,12.53607579080762
STA_C3,10.896628868742999
STA_C4,10.062965613881172
STA_C5,11.818216893307987
STA_C6,10.976772505726963
STA_C7,12.824439342983858
STA_C8,12.052438806843098
STA_C9,11.227418872154816
STA_C10,10.635293886370658
STA_D1,14.09351944728762
STA_D2,29.184190549300578
STA_D3,14.985385192766966
STA_D4,29.845317639031045
STA_A1,13.057054052736754
STA_A2,16.343420220630044
STA_A3,16.17837291026953
STA_A4,10.59895513476631
STA_A5,12.889596440350267
STA_A6,12.977453997498014
STA_A7,12.921108641614277
STA_A8,15.419649323325364
STA_B1,21.423121777062935
STA_B2,19.887564288151296
STA_B3,10.29149110493737
STA_C1,20.536702831798028
STA_C2,22.216620266120813
STA_C3,30.64380348004092
STA_D1,19.576797850562976
STA_D2,25.698270385534
STA_D3,25.809429131939368
STA_A1,14.850841692255178
STA_A2,13.471344421699087
STA_A3,12.078070063849495
STA_A4,10.914871667397783
STA_A5,13.405434810157429
STA_A6,12.038044353462983
STA_A7,11.517521892414445
STA_B1,10.292025564166321
STA_B2,11.70773285568067
STA_B3,9.670530170102845
STA_B4,21.91140478627482
STA_B5,10.650752473558533
STA_C1,10.049801262367799
STA_C2,9.352948140566355
STA_C3,22.85571630842715
STA_D1,22.29209874738023
STA_D2,19.34066664229664
STA_D3,21.28715438416925
STA_A1,11.129982940975799
STA_A2,11.139223132036864
STA_A3,11.33650321684457
STA_A4,9.87943785641176
STA_A5,11.020044280352895
STA_A6,10.143257079495076
STA_A7,9.608365233708652
STA_A8,10.74615704050301
STA_A9,10.37133974265245
STA_B1,14.755974070283191
STA_B2,17.313450870010236
STA_B3,20.639303138860463
STA_C1,18.912953201410215
STA_C2,8.519389457523022
STA_C3,12.181758858507578
STA_C4,9.9792847151143
STA_C5,11.682212628551934
STA_C6,9.22409718769801
STA_C7,15.869939164270267
STA_C8,9.32724087342203
STA_D1,18.40563708144462
STA_D2,12.731229955646526
STA_D3,18.58388175659208
STA_D4,18.43836435638738
STA_D5,17.273497441146365
STA_D6,27.36120470829068
STA_A1,7.618708461276019
STA_A2,9.513545035823952
STA_A3,9.767383730564891
STA_A4,9.028719379051525
STA_A5,9.997228079153878
STA_A6,11.16450921187308
STA_A7,9.85106243602866
STA_A8,8.532466978603122
STA_A9,9.3271813374275
STA_A10,10.711087512794276
STA_B1,11.907407036441336
STA_B2,9.774275503241219
STA_B3,8.167508017741387
STA_B4,10.436653482477945
STA_B5,7.850908904810644
STA_B6,8.12532514500171
STA_B7,13.109314446556526
STA_B8,8.600917604913
STA_B9,6.3645342886386835
STA_C1,11.709226032070967
STA_C2,10.721193571184866
STA_C3,15.160988456726935
STA_C4,9.183279378076714
STA_C5,9.987804844762886
STA_C6,12.336676049129993
STA_C7,12.384871886728085
STA_D1,20.549128795632914
STA_D2,20.670599685626513
STA_D3,21.459320636545336
STA_D4,21.131499536969383
STA_A1,11.617562606618906
STA_A2,12.380515743042352
STA_A3,11.99950237201671
STA_A4,8.064905834186288
STA_A5,11.576439399847287
STA_A6,10.21303777355364
STA_A7,11.684668185732152
STA_A8,12.82694317720264
STA_A9,9.984677998732767
STA_A10,8.054326850904147
STA_B1,18.379704537700423
STA_B2,18.074294097577592
STA_B3,18.816520812009518
STA_B4,13.755955305356535
STA_B5,8.359347321733205
STA_B6,10.270987376322092
STA_B7,18.678959058341842
STA_C1,16.67177413851926
STA_C2,21.506754008870693
STA_C3,11.817037018082571
STA_C4,25.023117024906195
STA_C5,24.543552371204363
STA_D1,21.63013084271579
STA_D2,23.456545547594693
STA_D3,20.065962128966206
STA_D4,18.53904247697031
STA_A1,12.54512697600365
STA_A2,17.517116683725707
STA_A3,10.875426532469023
STA_A4,15.01329654270442
STA_A5,10.056521664960766
STA_A6,11.686615546457428
STA_A7,14.879529910155798
STA_B1,16.852916898181995
STA_B2,16.347455280986495
STA_B3,20.51467875420383
STA_B4,21.584092435541265
STA_C1,10.15338543646732
STA_C2,9.400131354486515
STA_C3,10.957965955061663
STA_C4,9.915694814056634
STA_C5,16.79197640168315
STA_C6,10.77538587512795
STA_C7,14.86592385988854
STA_C8,18.7164369953372
STA_D1,21.294466881122972
STA_D2,18.926187990446962
STA_A1,13.697815705674977
STA_A2,14.32645354259071
STA_A3,14.02781132719209
STA_A4,14.38496161719551
STA_A5,13.980300068236117
STA_A6,15.621263089520522
STA_A7,13.265448652337094
STA_A8,15.560631695667011
STA_B1,15.921636472193802
STA_B2,7.123116805575861
STA_B3,11.799999488229282
STA_B4,20.690199249402927
STA_B5,19.157381780962144
STA_B6,20.830839815762534
STA_B7,9.735641419310817
STA_C1,15.026421016717848
STA_C2,21.95904418287277
STA_C3,20.30384425110882
STA_C4,19.484690890481048
STA_C5,21.497371716137827
STA_D1,10.804162686227672
STA_D2,13.622929058829266
STA_D3,12.283547350977226
STA_D4,10.983002973144234
STA_D5,12.249143563873861
STA_D6,13.38463795064258
STA_D7,10.780589803577536
STA_D8,12.803808004744031
STA_D9,11.924104531201788
STA_D10,11.113403519032994
STA_A1,17.625479610404376
STA_A2,13.911796656431251
STA_A3,21.269190549300525
STA_A4,13.427638178096233
STA_A5,17.967630558398763
STA_A6,19.67307284203343
STA_B1,9.55090071647902
STA_B2,16.919740134197657
STA_B3,8.145039576936194
STA_B4,8.062512111907191
STA_B5,8.16272569089048
STA_B6,6.3891685431593235
STA_B7,14.20126516222318
STA_B8,16.30803013760946
STA_B9,6.768655066530191
STA_C1,20.060987888092807
STA_C2,20.807716479017405
STA_C3,19.667489423404966
STA_C4,16.915729955646515
STA_D1,14.810053498318473
STA_D2,15.718802544563934
STA_D3,15.020862251148719
STA_D4,15.469265371399329
STA_D5,11.227610185788267
STA_D6,14.129065165472538
STA_D7,12.105469278248178
STA_A1,25.785503850465485
STA_A2,25.428730735487658
STA_B1,14.736527310685439
STA_B2,10.131818150801779
STA_B3,14.303612776396804
STA_B4,8.850417263732535
STA_B5,9.790824803821225
STA_B6,8.003269191402252
STA_B7,14.080304349238833
STA_B8,8.349338792221097
STA_B9,7.623952234732179
STA_B10,9.019258785397486
STA_C1,19.271549982940957
STA_C2,19.3913094506994
STA_C3,16.42332821562606
STA_C4,19.422914363698386
STA_D1,9.632730808597744
STA_D2,11.604883048203927
STA_D3,9.604778403275327
STA_D4,16.646414209354827
STA_D5,12.24824837939268
STA_D6,11.679537602963391
STA_D7,11.654155919481378
STA_D8,7.439090754008869
STA_D9,19.077836306477547
STA_D10,11.38759263050151
STA_A1,12.239336403957713
STA_A2,10.3797310522981
STA_A3,11.181294308784578
STA_A4,10.849035953924382
STA_A5,12.242883535604618
STA_A6,8.1377233026271
STA_A7,11.929848004094172
STA_A8,7.58012606618902
STA_A9,11.8648310994135
STA_A10,12.405594921284784
STA_B1,7.3182070965540795
STA_B2,21.261367110201306
STA_B3,16.70234100989426
STA_B4,10.630054930058021
STA_B5,8.538874786762198
STA_B6,21.666649437052225
STA_C1,7.903331798021149
STA_C2,12.89086615976994
STA_C3,11.830072842033434
STA_C4,12.654913072086565
STA_C5,18.865830035255314
STA_C6,12.259480284641993
STA_C7,9.212981576253831
STA_C8,12.254956572598331
STA_D1,16.970356874786756
STA_D2,18.517273967929043
STA_A1,22.93257906857732
STA_A2,24.999129648584088
STA_B1,9.872672028074271
STA_B2,10.038163352341961
STA_B3,12.028108129843535
STA_B4,9.364587244723888
STA_B5,8.696715455475951
STA_B6,11.45156114441683
STA_B7,10.27335029487742
STA_B8,10.338589827947551
STA_B9,11.649595140615103
STA_B10,12.200705341911583
STA_C1,13.311211020129651
STA_C2,11.871550835892178
STA_C3,18.396197714090775
STA_D1,12.99153787103378
STA_D2,16.590789832821564
STA_D3,13.941063288979871
STA_D4,10.749671954964178
STA_D5,13.683879733879225
STA_D6,16.40247748208803
STA_D7,11.41937905151824
STA_D8,12.874397134083939
STA_A1,25.887118852658773
STA_A2,23.888343714968087
STA_B1,32.47106484866205
STA_B2,14.173169420480553
STA_C1,18.97570812009552
STA_C2,20.24406328897987
STA_C3,16.77692457474287
STA_D1,7.372437393381086
STA_D2,11.422680045815653
STA_D3,17.45770840441261
STA_D4,8.077818833162732
STA_D5,17.619832082338224
STA_D6,10.869320441585018
STA_D7,11.583558512453083
STA_D8,8.459120436711023
STA_D9,11.535605839060285
STA_A1,20.48562088755664
STA_A2,17.626852610030713
STA_A3,18.770343909928336
STA_A4,20.956231430033615
STA_A5,17.585831091290146
STA_A6,19.77978915046059
STA_B1,11.269394916410777
STA_B2,10.229434663937228
STA_B3,10.453588536335722
STA_B4,14.83937632207438
STA_B5,15.888600818833162
STA_B6,9.780020129648584
STA_B7,12.406717843739356
STA_C1,8.322002558853628
STA_C2,10.228056806550669
STA_C3,11.411756397134075
STA_C4,12.523115489593993
STA_C5,9.19564773114977
STA_C6,9.074209484817464
STA_C7,9.166997441146366
STA_C8,10.94985141589901
STA_D1,12.531146350181153
STA_D2,11.13031893064288
STA_D3,14.110093775893166
STA_D4,14.172103645757186
STA_D5,11.414245040697969
STA_D6,10.387705390651663
STA_D7,11.908170931422724
STA_D8,10.750209899108071
STA_D9,11.778375396013047
STA_A1,15.60693688161037
STA_A2,14.784699419993165
STA_A3,22.121519032997035
STA_A4,20.82979614466053
STA_A5,16.71976206316709
STA_B1,13.524770164172772
STA_B2,11.590189085067674
STA_B3,13.692795119088224
STA_B4,10.542465563110271
STA_B5,13.230747646260813
STA_B6,12.675312519292941
STA_B7,11.655641076099485
STA_B8,9.453149948822935
STA_B9,14.041112758119281
STA_C1,19.676508700102342
STA_C2,19.557780279768004
STA_C3,11.460660184237494
STA_C4,17.352813886045716
STA_C5,14.28856618901398
STA_C6,14.809880586830422
STA_D1,23.571167373397707
STA_D2,26.5234326168543
STA_D3,19.58227874445581
STA_D4,26.683038309694403
STA_D5,27.379339133401555
STA_A1,25.105264682945876
STA_A2,27.606625018277562
STA_A3,19.418034288638708
STA_A4,19.62806570161328
STA_B1,12.420387727250578
STA_B2,15.803209631037678
STA_B3,20.369237632207465
STA_C1,13.316433981576253
STA_C2,21.394516206073
STA_C3,10.827642613442503
STA_D1,19.411360359701696
STA_D2,17.333628625042646
STA_D3,18.607628795632873
STA_D4,15.335088195155244
STA_D5,19.50069157284203
STA_D6,19.464519276697374
STA_A1,22.403756957644845
STA_A2,25.267916605741572
STA_A3,23.831696495589064
STA_A4,29.8053108885314
STA_A5,14.433172271774612
STA_B1,9.598327533265104
STA_B2,14.31517046839205
STA_B3,14.616096822147476
STA_B4,14.6256706389823
STA_B5,14.783919920066275
STA_B6,12.028846907442606
STA_B7,14.543289369790898
STA_B8,10.89146673490277
STA_C1,9.468602865916083
STA_C2,9.599272603207103
STA_C3,11.332282408084355
STA_C4,13.30685399912267
STA_C5,13.46043734464102
STA_C6,9.993550665301937
STA_C7,10.670452770872927
STA_C8,9.650002729443875
STA_C9,11.645916297054475
STA_D1,11.653399863527792
STA_D2,12.403067456255782
STA_D3,14.426526733927977
STA_D4,15.70461361310133
STA_D5,12.612209484817491
STA_D6,13.87853236340596
STA_D7,13.431762197202321
STA_D8,12.228281888190278
STA_A1,11.162199663693523
STA_A2,18.156189160208598
STA_A3,11.151126821660103
STA_A4,16.549784276453654
STA_A5,10.77348233172492
STA_A6,15.883027952429686
STA_A7,16.88680499098309
STA_A8,17.038338597260818
STA_A9,8.19532100209583
STA_A10,8.353613686211443
STA_B1,10.099363387678515
STA_B2,12.886946432633097
STA_B3,11.252280009666777
STA_B4,10.020724640948162
STA_B5,11.101440876265203
STA_B6,10.412632229776928
STA_B7,9.266422966320619
STA_B8,11.130061142385975
STA_B9,13.435132034816661
STA_B10,8.447809280109189
STA_C1,13.75783771993957
STA_C2,10.267739849880593
STA_C3,12.788646488278022
STA_C4,16.06615643125214
STA_C5,9.540041794609351
STA_C6,13.416001267241798
STA_C7,10.600418530974306
STA_C8,11.34942637812547
STA_D1,30.489096529707087
STA_D2,28.388655188380362
STA_D3,22.673236291855577
STA_A1,20.890015182531588
STA_A2,20.493346980552733
STA_A3,16.885058341862834
STA_A4,18.238706584783344
STA_B1,15.347779597407033
STA_B2,17.669357215967242
STA_B3,17.35705254179461
STA_B4,18.927360457181827
STA_B5,13.457848857045386
STA_C1,12.303222620266126
STA_C2,15.2728681093727
STA_D1,24.0972323195399
STA_D2,19.285416240191058
STA_D3,24.881976629136823
STA_A1,13.769114977823252
STA_A2,13.248173490276336
STA_A3,12.62041368133743
STA_A4,15.410539747526428
STA_A5,14.80817076083248
STA_A6,15.364843739338104
STA_A7,11.714636642784034
STA_B1,13.626145001705899
STA_B2,8.241799897645867
STA_B3,7.366962981917437
STA_B4,8.55535039235756
STA_B5,6.747778062094849
STA_B6,8.821543671102008
STA_B7,8.987449334698068
STA_B8,14.274660184237474
STA_C1,16.703713578983287
STA_C2,19.045294779938565
STA_C3,14.935920504947124
STA_C4,17.934047082906833
STA_C5,18.92703224155579
STA_C6,18.233649266461956
STA_D1,31.519598917970477
STA_D2,26.34375854169713
STA_D3,23.114725666520446
STA_A1,13.714867329531629
STA_A2,16.940969708046968
STA_A3,12.5610461324755
STA_A4,4.953759029097817
STA_A5,7.563195398937472
STA_A6,4.89306789491641
STA_A7,14.294907759419035
STA_A8,11.817637227664884
STA_A9,17.05146151971536
STA_B1,6.787625725008526
STA_B2,11.64525508115221
STA_B3,12.077866647170637
STA_B4,6.777355510064825
STA_B5,11.237461544085395
STA_B6,8.55280262708974
STA_B7,8.444364965638249
STA_B8,9.184322488667942
STA_B9,12.0259903494663
STA_B10,9.76202497928547
STA_C1,25.90848162499389
STA_C2,25.102789491641104
STA_C3,11.188112077789148
STA_D1,27.640037286152953
STA_D2,23.912500170590228
STA_A1,18.84701552371206
STA_A2,21.704262733343093
STA_A3,20.2435359701711
STA_A4,24.03460329239175
STA_A5,18.00210764244285
STA_B1,12.3350640200809
STA_B2,12.421590485938482
STA_B3,7.126086489252804
STA_B4,11.289197186073341
STA_B5,7.604015182531557
STA_B6,10.395884607886131
STA_B7,7.4526518253155976
STA_B8,10.697127560884475
STA_B9,10.084407272018321
STA_B10,7.3646809962470074
STA_C1,24.745599624701494
STA_C2,12.175304844762895
STA_C3,26.88248259979529
STA_C4,11.641939952234733
STA_C5,23.79812470146709
STA_D1,27.019718282399957
STA_D2,24.241353974752677
STA_D3,23.820333845104074
STA_D4,27.70318657698493
STA_D5,20.206071282351253
STA_A1,11.86672108495395
STA_A2,15.425185602183545
STA_A3,15.202413169566691
STA_A4,20.791574020656956
STA_A5,20.820844080518587
STA_A6,20.544399522347337
STA_B1,11.995912430342317
STA_B2,7.629431934493349
STA_B3,12.856461730922321
STA_B4,13.094914648015465
STA_B5,11.996448766063915
STA_B6,5.50164448993517
STA_B7,6.508256226543831
STA_B8,8.116025588536333
STA_B9,9.849459399522356
STA_C1,16.88066837256908
STA_C2,15.502432787444555
STA_C3,18.300653019447285
STA_C4,15.802181678607989
STA_C5,15.967573694984628
STA_D1,33.65953545840033
STA_D2,19.819200102354174
STA_D3,24.46013954281817
STA_A1,22.42445334356878
STA_A2,18.271609575798948
STA_A3,14.595876980065324
STA_A4,16.42756667641468
STA_A5,15.297912292245446
STA_A6,13.778747355851253
STA_B1,7.706857215967247
STA_B2,9.11207813033094
STA_B3,8.133038382804514
STA_B4,8.285007847151144
STA_B5,20.347239338109844
STA_B6,16.073895939952244
STA_C1,10.516249914704877
STA_C2,8.475570283179806
STA_C3,7.563951211190716
STA_C4,18.543127715228017
STA_C5,10.282097577618567
STA_C6,10.619446605254177
STA_C7,8.664899010576598
STA_C8,17.573051461389724
STA_D1,20.539753326509747
STA_D2,15.882409245991122
STA_D3,21.080805868304356
STA_D4,20.38971579665645
AP_A,3
AP_B,9
AP_C,4
AP_D,4
AP_A,5
AP_B,5
AP_C,9
AP_D,6
AP_A,10
AP_B,8
AP_C,3
AP_D,6
AP_A,5
AP_B,5
AP_C,4
AP_D,8
AP_A,3
AP_B,2
AP_C,4
AP_D,3
AP_A,4
AP_B,10
AP_C,10
AP_D,6
AP_A,6
AP_B,10
AP_C,7
AP_D,10
AP_A,6
AP_B,6
AP_C,2
AP_D,7
AP_A,6
AP_B,5
AP_C,10
AP_D,8
AP_A,5
AP_B,7
AP_C,2
AP_D,5
AP_A,9
AP_B,9
AP_C,10
AP_D,5
AP_A,8
AP_B,4
AP_C,4
AP_D,2
AP_A,10
AP_B,5
AP_C,10
AP_D,8
AP_A,5
AP_B,2
AP_C,7
AP_D,7
AP_A,3
AP_B,9
AP_C,10
AP_D,9
AP_A,10
AP_B,8
AP_C,3
AP_D,8
AP_A,4
AP_B,6
AP_C,2
AP_D,3
AP_A,10
AP_B,8
AP_C,2
AP_D,3
AP_A,8
AP_B,6
AP_C,2
AP_D,6
AP_A,9
AP_B,3
AP_C,7
AP_D,9
AP_A,4
AP_B,8
AP_C,10
AP_D,6
AP_A,10
AP_B,9
AP_C,10
AP_D,9
AP_A,10
AP_B,3
AP_C,2
AP_D,3
AP_A,8
AP_B,4
AP_C,8
AP_D,5
AP_A,2
AP_B,2
AP_C,10
AP_D,10
AP_A,7
AP_B,9
AP_C,5
AP_D,5
AP_A,6
AP_B,9
AP_C,10
AP_D,4
AP_A,8
AP_B,3
AP_C,3
AP_D,3
AP_A,7
AP_B,5
AP_C,3
AP_D,3
AP_A,9
AP_B,3
AP_C,8
AP_D,6
AP_A,10
AP_B,9
AP_C,7
AP_D,4
AP_A,10
AP_B,7
AP_C,5
AP_D,4
AP_A,7
AP_B,4
AP_C,8
AP_D,2
AP_A,8
AP_B,7
AP_C,5
AP_D,10
AP_A,6
AP_B,9
AP_C,4
AP_D,7
AP_A,2
AP_B,10
AP_C,4
AP_D,10
AP_A,10
AP_B,6
AP_C,8
AP_D,2
AP_A,2
AP_B,10
AP_C,3
AP_D,8
AP_A,2
AP_B,2
AP_C,3
AP_D,9
AP_A,6
AP_B,7
AP_C,8
AP_D,9
AP_A,5
AP_B,9
AP_C,6
AP_D,5
AP_A,4
AP_B,3
AP_C,3
AP_D,6
AP_A,5
AP_B,8
AP_C,9
AP_D,8
AP_A,10
AP_B,10
AP_C,8
AP_D,3
AP_A,4
AP_B,5
AP_C,2
AP_D,3
AP_A,7
AP_B,8
AP_C,6
AP_D,3
AP_A,9
AP_B,10
AP_C,3
AP_D,2
AP_A,5
AP_B,10
AP_C,5
AP_D,5
AP_A,6
AP_B,9
AP_C,5
AP_D,3
AP_A,6
AP_B,6
AP_C,8
AP_D,4
